-- MariaDB dump 10.19  Distrib 10.4.22-MariaDB, for Win64 (AMD64)
--
-- Host: localhost    Database: sistcontablel9_v3
-- ------------------------------------------------------
-- Server version	10.4.22-MariaDB

/*!40101 SET @OLD_CHARACTER_SET_CLIENT=@@CHARACTER_SET_CLIENT */;
/*!40101 SET @OLD_CHARACTER_SET_RESULTS=@@CHARACTER_SET_RESULTS */;
/*!40101 SET @OLD_COLLATION_CONNECTION=@@COLLATION_CONNECTION */;
/*!40101 SET NAMES utf8mb4 */;
/*!40103 SET @OLD_TIME_ZONE=@@TIME_ZONE */;
/*!40103 SET TIME_ZONE='+00:00' */;
/*!40014 SET @OLD_UNIQUE_CHECKS=@@UNIQUE_CHECKS, UNIQUE_CHECKS=0 */;
/*!40014 SET @OLD_FOREIGN_KEY_CHECKS=@@FOREIGN_KEY_CHECKS, FOREIGN_KEY_CHECKS=0 */;
/*!40101 SET @OLD_SQL_MODE=@@SQL_MODE, SQL_MODE='NO_AUTO_VALUE_ON_ZERO' */;
/*!40111 SET @OLD_SQL_NOTES=@@SQL_NOTES, SQL_NOTES=0 */;

--
-- Table structure for table `activos_fijos`
--

DROP TABLE IF EXISTS `activos_fijos`;
/*!40101 SET @saved_cs_client     = @@character_set_client */;
/*!40101 SET character_set_client = utf8 */;
CREATE TABLE `activos_fijos` (
  `id` varchar(11) COLLATE utf8mb4_unicode_ci NOT NULL,
  `correlativo` int(10) unsigned DEFAULT NULL,
  `activoFijo` varchar(100) COLLATE utf8mb4_unicode_ci NOT NULL,
  `cantidad` int(11) NOT NULL,
  `medida` varchar(30) COLLATE utf8mb4_unicode_ci DEFAULT NULL,
  `valorInicial` double(9,2) DEFAULT NULL,
  `depAcumInicial` double(9,2) DEFAULT NULL,
  `situacion` varchar(10) COLLATE utf8mb4_unicode_ci NOT NULL,
  `estadoAF` varchar(6) COLLATE utf8mb4_unicode_ci NOT NULL,
  `fechaCompraRegistro` date DEFAULT NULL,
  `documento` varchar(30) COLLATE utf8mb4_unicode_ci DEFAULT NULL,
  `numeroDocumento` varchar(30) COLLATE utf8mb4_unicode_ci DEFAULT NULL,
  `empresa_id` bigint(20) unsigned DEFAULT NULL,
  `rubro_id` bigint(20) unsigned DEFAULT NULL,
  `created_at` timestamp NULL DEFAULT NULL,
  `updated_at` timestamp NULL DEFAULT NULL,
  PRIMARY KEY (`id`),
  KEY `activos_fijos_empresa_id_foreign` (`empresa_id`),
  KEY `activos_fijos_rubro_id_foreign` (`rubro_id`),
  CONSTRAINT `activos_fijos_empresa_id_foreign` FOREIGN KEY (`empresa_id`) REFERENCES `empresas` (`id`) ON DELETE SET NULL ON UPDATE CASCADE,
  CONSTRAINT `activos_fijos_rubro_id_foreign` FOREIGN KEY (`rubro_id`) REFERENCES `rubros` (`id`) ON DELETE SET NULL ON UPDATE CASCADE
) ENGINE=InnoDB DEFAULT CHARSET=utf8mb4 COLLATE=utf8mb4_unicode_ci;
/*!40101 SET character_set_client = @saved_cs_client */;

--
-- Dumping data for table `activos_fijos`
--

LOCK TABLES `activos_fijos` WRITE;
/*!40000 ALTER TABLE `activos_fijos` DISABLE KEYS */;
INSERT INTO `activos_fijos` VALUES ('01-10001',1,'INSTALACIONES (TIENDA) DE 1 PISO',1,'UNIDAD (ES)',280000.00,0.00,'NUEVO','ALTA','2022-01-01','Balance de Apertura',NULL,1,1,'2022-11-28 22:41:37','2022-11-28 22:41:37'),('01-10002',2,'TERRENO',1,'UNIDAD (ES)',125000.00,0.00,'NUEVO','ALTA','2022-02-01',NULL,NULL,1,1,'2022-11-30 19:48:28','2022-11-30 21:24:22'),('02-10001',1,'PC',1,'UNIDAD (ES)',5000.00,0.00,'NUEVO','ALTA','2022-01-01',NULL,NULL,1,2,'2022-12-05 19:48:07','2022-12-05 19:48:07'),('02-20001',1,'LAPTOP CORE I3 CON MEMORIA RAM',2,'UNIDAD (ES)',20000.00,500.00,'NUEVO','ALTA','2021-01-01','Factura',NULL,2,2,'2022-12-02 05:31:44','2022-12-03 15:52:00'),('02-20002',2,'IMPRESORA',3,'UNIDAD (ES)',3000.00,0.00,'NUEVO','ALTA','2021-01-01',NULL,NULL,2,2,'2022-12-03 02:51:39','2022-12-03 02:51:39'),('05-10001',1,'HERRAMIENTAS',1,'UNIDAD (ES)',15000.00,0.00,'NUEVO','ALTA','2022-01-01',NULL,NULL,1,5,'2022-12-05 19:49:06','2022-12-05 19:49:06'),('07-10001',1,'ESTANTES O LIBREROS DE MADERA',2,'UNIDAD (ES)',3000.00,0.00,'NUEVO','ALTA','2022-01-01','Balance de Apertura',NULL,1,7,'2022-11-28 21:50:19','2022-11-29 22:04:32'),('07-10002',2,'ESCRITORIO EJECUTIVO DE MADERA',1,'UNIDAD (ES)',1200.00,0.00,'NUEVO','ALTA','2022-01-01','Balance de Apertura',NULL,1,7,'2022-11-28 21:53:13','2022-11-29 15:49:08'),('07-10003',3,'ESCRITORIOS DE MADERA',3,'UNIDAD (ES)',2400.00,0.00,'NUEVO','ALTA','2022-01-01','Balance de Apertura',NULL,1,7,'2022-11-28 21:55:06','2022-11-28 21:55:06'),('07-10004',4,'MOSTRADORES',2,'UNIDAD (ES)',5000.00,0.00,'NUEVO','ALTA','2022-01-01','Balance de Apertura',NULL,1,7,'2022-11-28 21:56:01','2022-11-28 21:56:01'),('09-10001',1,'VAGONETA BLANCA NISSAN 1998',1,'UNIDAD (ES)',56000.00,0.00,'NUEVO','ALTA','2022-01-01','Balance de Apertura',NULL,1,9,'2022-11-28 21:58:13','2022-11-28 21:58:13'),('09-10002',2,'CAMION BLANCO KAMA',1,'UNIDAD (ES)',77000.00,0.00,'NUEVO','ALTA','2022-01-01','Balance de Apertura',NULL,1,9,'2022-11-28 21:59:58','2022-11-28 21:59:58');
/*!40000 ALTER TABLE `activos_fijos` ENABLE KEYS */;
UNLOCK TABLES;

--
-- Table structure for table `compras`
--

DROP TABLE IF EXISTS `compras`;
/*!40101 SET @saved_cs_client     = @@character_set_client */;
/*!40101 SET character_set_client = utf8 */;
CREATE TABLE `compras` (
  `id` bigint(20) unsigned NOT NULL AUTO_INCREMENT,
  `nitProveedor` varchar(15) COLLATE utf8mb4_unicode_ci NOT NULL,
  `razonSocialProveedor` varchar(150) COLLATE utf8mb4_unicode_ci NOT NULL,
  `codigoAutorizacion` varchar(100) COLLATE utf8mb4_unicode_ci DEFAULT NULL,
  `numeroFactura` varchar(15) COLLATE utf8mb4_unicode_ci DEFAULT NULL,
  `dim` varchar(20) COLLATE utf8mb4_unicode_ci DEFAULT NULL,
  `fecha` date NOT NULL,
  `importeTotal` double(12,2) DEFAULT NULL,
  `ice` double(12,2) DEFAULT NULL,
  `iehd` double(12,2) DEFAULT NULL,
  `ipj` double(12,2) DEFAULT NULL,
  `tasas` double(12,2) DEFAULT NULL,
  `otrosNoSujetosaCF` double(12,2) DEFAULT NULL,
  `exentos` double(12,2) DEFAULT NULL,
  `tasaCero` double(12,2) DEFAULT NULL,
  `descuentos` double(12,2) DEFAULT NULL,
  `gifCard` double(12,2) DEFAULT NULL,
  `tipoCompra` char(2) COLLATE utf8mb4_unicode_ci NOT NULL,
  `codigoControl` varchar(20) COLLATE utf8mb4_unicode_ci DEFAULT '0',
  `combustible` tinyint(1) DEFAULT NULL,
  `ultimoCodigoAutorizacion` varchar(100) COLLATE utf8mb4_unicode_ci DEFAULT NULL,
  `registroContable` varchar(20) COLLATE utf8mb4_unicode_ci DEFAULT NULL,
  `sucursal_id` bigint(20) unsigned NOT NULL,
  `created_at` timestamp NULL DEFAULT NULL,
  `updated_at` timestamp NULL DEFAULT NULL,
  PRIMARY KEY (`id`),
  KEY `compras_sucursal_id_foreign` (`sucursal_id`),
  CONSTRAINT `compras_sucursal_id_foreign` FOREIGN KEY (`sucursal_id`) REFERENCES `sucursals` (`id`) ON DELETE CASCADE ON UPDATE CASCADE
) ENGINE=InnoDB AUTO_INCREMENT=173 DEFAULT CHARSET=utf8mb4 COLLATE=utf8mb4_unicode_ci;
/*!40101 SET character_set_client = @saved_cs_client */;

--
-- Dumping data for table `compras`
--

LOCK TABLES `compras` WRITE;
/*!40000 ALTER TABLE `compras` DISABLE KEYS */;
INSERT INTO `compras` VALUES (64,'2710936011','INCA BLANCO BONIFACIO','463101100440129','1188','0','2021-01-05',40.00,0.00,0.00,0.00,0.00,0.00,0.00,0.00,0.00,0.00,'1','0',0,'463101100440129','2-010001*64',1,'2022-11-27 01:28:03','2022-12-04 03:06:36'),(65,'6851167013','MAYTA BENITEZ FABRICIO ALEJANDRO','302101100192867','70','0','2022-01-05',5394.00,0.00,0.00,0.00,0.00,0.00,0.00,0.00,94.00,0.00,'1','0',0,'302101100192867','2-010002*65',1,'2022-11-27 01:28:03','2022-12-04 03:06:36'),(66,'140017021','CAMARA DE INDUSTRIA Y COMERCIO DE EL ALTO.','101B64628C41A','82','0','2022-01-11',200.00,0.00,0.00,0.00,0.00,0.00,0.00,0.00,0.00,0.00,'1','0',0,'101B64628C41A','2-010003*66',1,'2022-11-27 01:28:03','2022-12-04 03:06:36'),(67,'9899524019','CONDORI QUISBERT BLADIMIR DAVID','274101100779798','240','0','2022-01-14',49.00,0.00,0.00,0.00,0.00,0.00,0.00,0.00,0.00,0.00,'1','0',0,'274101100779798','2-010004*67',1,'2022-11-27 01:28:03','2022-12-04 03:06:36'),(68,'1007043027','LIBRERIA PAPELERIA Y EDITORIAL GISBERT Y CIA. S.A.','275401100450212','4689','0','2022-01-17',50.60,0.00,0.00,0.00,0.00,0.00,0.00,0.00,0.00,0.00,'1','5B-E7-FA-25-6F',0,'275401100450212','2-010005*68',1,'2022-11-27 01:28:03','2022-12-04 03:06:36'),(69,'1020115028','EMPRESA PUBLICA SOCIAL DE AGUA Y SANEAMIENTO S.A. (EPSAS S.A.)','299401100033712','841721','0','2022-01-19',785.50,0.00,0.00,0.00,0.00,0.00,0.00,0.00,0.00,0.00,'1','0C-B4-BD-4C-6C',0,'299401100033712','2-010006*69',1,'2022-11-27 01:28:03','2022-12-04 03:06:36'),(70,'298620025','GRUPO HYGIENE S.R.L.','265401200087408','110','0','2022-01-25',175.00,0.00,0.00,0.00,0.00,0.00,0.00,0.00,0.00,0.00,'1','F9-F1-56-C5-96',0,'265401200087408','2-010007*70',1,'2022-11-27 01:28:03','2022-12-04 03:06:36'),(71,'4829813017','ALCON  ROXANA','249401100679734','105','0','2022-01-26',85.00,0.00,0.00,0.00,0.00,0.00,0.00,0.00,0.00,0.00,'1','CD-F4-F5-84',0,'249401100679734','2-010008*71',1,'2022-11-27 01:28:03','2022-12-04 03:06:36'),(72,'4923180017','VASQUEZ SANJINES EDWIN RAMIRO','141101100136076','660','0','2022-01-27',360.00,0.00,0.00,0.00,0.00,0.00,0.00,0.00,0.00,0.00,'1','0',0,'141101100136076','2-010009*72',1,'2022-11-27 01:28:03','2022-12-04 03:06:36'),(73,'1020269020','YACIMIENTOS PETROLIFEROS FISCALES BOLIVIANOS','104413100007887','541020','0','2022-01-27',5168.36,0.00,0.00,0.00,0.00,0.00,0.00,0.00,0.00,0.00,'1','9B-7B-E0-7B',0,'104413100007887','2-010010*73',1,'2022-11-27 01:28:03','2022-12-04 03:06:36'),(74,'1020613020','DISTRIBUIDORA DE ELECTRICIDAD LA PAZ S.A. DELAPAZ','296401100017236','542242','0','2022-01-28',13685.00,0.00,0.00,0.00,2247.52,0.00,0.00,0.00,0.00,0.00,'1','D4-1C-F4-E0-0D',0,'296401100017236','2-010011*74',1,'2022-11-27 01:28:03','2022-12-04 03:06:36'),(75,'120423026','EMPRESA DE SERVICIOS VIACHA GAS S.A.','1231DE6FA2F61B','7712','0','2022-01-29',22.50,0.00,0.00,0.00,0.00,0.00,0.00,0.00,0.00,0.00,'1','0',0,'1231DE6FA2F61B','2-010012*75',1,'2022-11-27 01:28:03','2022-12-04 03:06:36'),(76,'120423026','EMPRESA DE SERVICIOS VIACHA GAS S.A.','1231DE6FA2F61B','7711','0','2022-01-29',22.50,0.00,0.00,0.00,0.00,0.00,0.00,0.00,0.00,0.00,'1','0',0,'1231DE6FA2F61B','2-010013*76',1,'2022-11-27 01:28:03','2022-12-04 03:06:36'),(78,'1020255020','TELEFONICA CELULAR DE BOLIVIA S.A.','416401100365322','220846','0','2022-01-31',165.00,0.00,0.00,0.00,0.00,0.00,0.00,0.00,0.00,0.00,'1','81-70-20-D8-50',0,'416401100365322','2-010015*78',1,'2022-11-27 01:28:03','2022-12-04 03:06:36'),(79,'1020255020','TELEFONICA CELULAR DE BOLIVIA S.A.','416401100365322','220844','0','2022-01-31',165.00,0.00,0.00,0.00,0.00,0.00,0.00,0.00,0.00,0.00,'1','97-4C-02-30-B6',0,'416401100365322','2-010016*79',1,'2022-11-27 01:28:03','2022-12-04 03:06:36'),(81,'4821588011','GARCIA FERNANDEZ YOVANA CELIA','249101100653691','362','0','2022-02-01',10.00,0.00,0.00,0.00,0.00,0.00,0.00,0.00,0.00,0.00,'1','0',0,'249101100653691','2-020001*59',1,'2022-11-27 01:32:33','2022-12-03 21:22:44'),(82,'4821588011','GARCIA FERNANDEZ YOVANA CELIA','249101100653691','363','0','2022-02-01',40.00,0.00,0.00,0.00,0.00,0.00,0.00,0.00,0.00,0.00,'1','0',0,'249101100653691','2-020002*60',1,'2022-11-27 01:32:33','2022-12-03 21:22:44'),(83,'298620025','GRUPO HYGIENE S.R.L.','265401200087408','750','0','2022-02-01',135.10,0.00,0.00,0.00,0.00,0.00,0.00,0.00,2.70,0.00,'1','9A-76-7A-82-AA',0,'265401200087408','2-020003*61',1,'2022-11-27 01:32:33','2022-12-03 21:22:44'),(84,'3407229019','CALLISAYA QUISBERT MARIA SALOME','275401200110241','12446','0','2022-02-02',1113.60,0.00,0.00,0.00,0.00,0.00,0.00,0.00,0.00,0.00,'1','B7-23-A2-9A-45',0,'275401200110241','2-020004*62',1,'2022-11-27 01:32:33','2022-12-03 21:22:44'),(85,'1020269020','YACIMIENTOS PETROLIFEROS FISCALES BOLIVIANOS','104413100007887','1076929','0','2022-02-02',23.00,0.00,0.00,0.00,0.00,0.00,0.00,0.00,0.00,0.00,'1','0',0,'104413100007887','',1,'2022-11-27 01:32:33','2022-12-03 21:26:50'),(86,'1028551027','LE MANS LTDA.','249406600659925','594','0','2022-03-03',49.97,0.00,0.00,0.00,0.00,0.00,0.00,0.00,0.00,0.00,'1','5C-07-3A-E8-E5',0,'249406600659925',NULL,1,'2022-11-27 01:35:02','2022-11-27 01:35:02'),(87,'181996021','VAPORINOX INGENIERIA SOCIEDAD DE RESPONSABILIDAD LIMITADA','463406200083290','129','0','2022-03-03',81.34,0.00,0.00,0.00,0.00,0.00,0.00,0.00,2.36,0.00,'1','75-6C-B2-6A-EC',0,'463406200083290',NULL,1,'2022-11-27 01:35:02','2022-11-27 01:35:02'),(88,'4821588011','GARCIA FERNANDEZ YOVANA CELIA','249606600653696','354','0','2022-03-04',34.00,0.00,0.00,0.00,0.00,0.00,0.00,0.00,0.00,0.00,'1','0',0,'249606600653696',NULL,1,'2022-11-27 01:35:02','2022-11-27 01:35:02'),(89,'140017021','CAMARA DE INDUSTRIA Y COMERCIO DE EL ALTO.','35807001224102','16','0','2022-03-14',200.00,0.00,0.00,0.00,0.00,0.00,0.00,0.00,0.00,0.00,'1','0',0,'35807001224102',NULL,1,'2022-11-27 01:35:02','2022-11-27 01:35:02'),(90,'4913262019','CARO CLAURE SILVIA VALERIA','606F28ACB9E96A','45','0','2022-03-16',120.00,0.00,0.00,0.00,0.00,0.00,0.00,0.00,0.00,0.00,'1','0',0,'606F28ACB9E96A',NULL,1,'2022-11-27 01:35:02','2022-11-27 01:35:02'),(91,'130717026','EXPOCOLOR S.R.L.','266606600097482','111','0','2022-03-16',25500.00,0.00,0.00,0.00,0.00,0.00,0.00,0.00,0.00,0.00,'1','0',0,'266606600097482',NULL,1,'2022-11-27 01:35:02','2022-11-27 01:35:02'),(92,'4821588011','GARCIA FERNANDEZ YOVANA CELIA','249606600653696','362','0','2022-03-17',12.00,0.00,0.00,0.00,0.00,0.00,0.00,0.00,0.00,0.00,'1','0',0,'249606600653696',NULL,1,'2022-11-27 01:35:02','2022-11-27 01:35:02'),(93,'1020115028','EMPRESA PUBLICA SOCIAL DE AGUA Y SANEAMIENTO S.A. (EPSAS S.A.)','299406600033762','1130879','0','2022-03-17',1029.10,0.00,0.00,0.00,0.00,0.00,0.00,0.00,0.00,0.00,'1','EB-A8-4D-A5',0,'299406600033762',NULL,1,'2022-11-27 01:35:02','2022-11-27 01:35:02'),(94,'4821588011','GARCIA FERNANDEZ YOVANA CELIA','249606600653696','363','0','2022-03-18',28.00,0.00,0.00,0.00,0.00,0.00,0.00,0.00,0.00,0.00,'1','0',0,'249606600653696',NULL,1,'2022-11-27 01:35:02','2022-11-27 01:35:02'),(95,'298620025','GRUPO HYGIENE S.R.L.','265406200087408','750','0','2022-03-22',175.00,0.00,0.00,0.00,0.00,0.00,0.00,0.00,0.00,0.00,'1','98-37-47-BC',0,'265406200087408',NULL,1,'2022-11-27 01:35:02','2022-11-27 01:35:02'),(96,'327324010','CALLISAYA SIÑANI LORENZO','60644B6583456A','4776','0','2022-04-23',500.00,0.00,0.00,0.00,0.00,0.00,0.00,0.00,0.00,0.00,'1','0',0,'60644B6583456A',NULL,1,'2022-11-27 01:38:00','2022-11-27 01:38:00'),(97,'1020269020','YACIMIENTOS PETROLIFEROS FISCALES BOLIVIANOS','604463600007887','45685','0','2022-04-23',7000.00,0.00,0.00,0.00,0.00,0.00,0.00,0.00,0.00,0.00,'1','C8-D5-E7-C5-9D',0,'604463600007887',NULL,1,'2022-11-27 01:38:00','2022-11-27 01:38:00'),(98,'3407229019','CALLISAYA QUISBERT MARIA SALOME','275406200660246','62446','0','2022-04-23',73.50,0.00,0.00,0.00,0.00,0.00,0.00,0.00,0.00,0.00,'1','77-5A-E3-6D-48',0,'275406200660246',NULL,1,'2022-11-27 01:38:00','2022-11-27 01:38:00'),(99,'4821588011','GARCIA FERNANDEZ YOVANA CELIA','249606600653696','466','0','2022-04-24',350.00,0.00,0.00,0.00,0.00,0.00,0.00,0.00,0.00,0.00,'1','0',0,'249606600653696',NULL,1,'2022-11-27 01:38:00','2022-11-27 01:38:00'),(100,'2710936011','INCA BLANCO BONIFACIO','463606600440629','6464','0','2022-04-24',100.00,0.00,0.00,0.00,0.00,0.00,0.00,0.00,0.00,0.00,'1','0',0,'463606600440629',NULL,1,'2022-11-27 01:38:00','2022-11-27 01:38:00'),(101,'1020613020','DISTRIBUIDORA DE ELECTRICIDAD LA PAZ S.A. DELAPAZ','296406600067236','625668','0','2022-04-25',1200.00,0.00,0.00,0.00,200.00,0.00,0.00,0.00,0.00,0.00,'1','3A-77-AE-AC',0,'296406600067236',NULL,1,'2022-11-27 01:38:00','2022-11-27 01:38:00'),(102,'1020255020','TELEFONICA CELULAR DE BOLIVIA S.A.','416401100370677','691828','0','2022-05-04',270.00,0.00,0.00,0.00,0.00,0.00,0.00,0.00,0.00,0.00,'1','23-A2-A2-48-62',0,'416401100370677',NULL,1,'2022-11-27 01:41:09','2022-11-27 01:41:09'),(103,'1020255020','TELEFONICA CELULAR DE BOLIVIA S.A.','416401100370677','216544','0','2022-05-04',270.00,0.00,0.00,0.00,0.00,0.00,0.00,0.00,0.00,0.00,'1','1C-76-F7-7D-4A',0,'416401100370677',NULL,1,'2022-11-27 01:41:09','2022-11-27 01:41:09'),(104,'387330027','ESTACION DE SERVICIO ILLIMANI S.R.L.','252405100060484','145483','0','2022-05-07',7.00,0.00,0.00,0.00,0.00,0.00,0.00,0.00,0.00,0.00,'1','47-83-B3-89',0,'252405100060484',NULL,1,'2022-11-27 01:41:09','2022-11-27 01:41:09'),(105,'140017021','CAMARA DE INDUSTRIA Y COMERCIO DE EL ALTO.','9949209A889DE090DBC096A26FC4575CD6DFA6824013549995346D74','93','0','2022-06-08',200.00,0.00,0.00,0.00,0.00,0.00,0.00,0.00,0.00,0.00,'1','0',0,'9949209A889DE090DBC096A26FC4575CD6DFA6824013549995346D74',NULL,1,'2022-11-27 02:15:16','2022-11-27 02:15:16'),(106,'2521892016','BLANCO BALBOA ANGEL EDUARDO','271401100597489','94723','0','2022-07-09',7.80,0.00,0.00,0.00,0.00,0.00,0.00,0.00,0.00,0.00,'1','34-76-11-07-08',0,'271401100597489',NULL,1,'2022-11-27 02:18:48','2022-11-27 02:18:48'),(107,'2521892016','BLANCO BALBOA ANGEL EDUARDO','271401100597489','94721','0','2022-07-10',103.30,0.00,0.00,0.00,0.00,0.00,0.00,0.00,0.00,0.00,'1','C1-D3-06-4F-F1',0,'271401100597489',NULL,1,'2022-11-27 02:18:48','2022-11-27 02:18:48'),(108,'180852026','QUIMI - TEX S.R.L.','261101100097773','558','0','2022-08-09',4100.00,0.00,0.00,0.00,0.00,0.00,0.00,0.00,0.00,0.00,'1','0',0,'261101100097773',NULL,1,'2022-11-27 02:32:32','2022-11-27 02:32:32'),(109,'8468072012','MAYTA PLATA EDIZON','101E63567951A','50','0','2022-08-11',560.00,0.00,0.00,0.00,0.00,0.00,0.00,0.00,20.00,0.00,'1','0',0,'101E63567951A',NULL,1,'2022-11-27 02:32:32','2022-11-27 02:32:32'),(110,'1020115028','EMPRESA PUBLICA SOCIAL DE AGUA Y SANEAMIENTO S.A. (EPSAS S.A.)','299401100033712','1437840','0','2022-09-18',1293.00,0.00,0.00,0.00,0.00,0.00,0.00,0.00,0.00,0.00,'1','E5-55-58-E7-D5',0,'299401100033712',NULL,1,'2022-11-27 02:51:08','2022-11-27 02:51:08'),(111,'1020115028','EMPRESA PUBLICA SOCIAL DE AGUA Y SANEAMIENTO S.A. (EPSAS S.A.)','299401100033765','3552','0','2022-09-23',28.00,0.00,0.00,0.00,0.00,0.00,0.00,0.00,0.00,0.00,'1','2D-6D-11-FD-F3',0,'299401100033765',NULL,1,'2022-11-27 02:51:08','2022-11-27 02:51:08'),(112,'1028611021','CORPORACION MATHIESEN SA','261401100096988','331','0','2022-09-25',2175.00,0.00,0.00,0.00,0.00,0.00,0.00,0.00,0.00,0.00,'1','8B-26-15-7B',0,'261401100096988',NULL,1,'2022-11-27 02:51:08','2022-11-27 02:51:08'),(113,'6951925018','CORDERO CONDORI MARITZA MIRIAM','262101110331298','202','0','2022-09-25',4800.00,0.00,0.00,0.00,0.00,0.00,0.00,0.00,0.00,0.00,'1','0',0,'262101110331298',NULL,1,'2022-11-27 02:51:08','2022-11-27 02:51:08'),(114,'1020613020','DISTRIBUIDORA DE ELECTRICIDAD LA PAZ S.A. DELAPAZ','296401100017236','712201','0','2022-09-25',14057.90,0.00,0.00,0.00,2333.82,0.00,0.00,0.00,0.00,0.00,'1','DB-5E-AA-AF-76',0,'296401100017236',NULL,1,'2022-11-27 02:51:08','2022-11-27 02:51:08'),(115,'1020269020','YACIMIENTOS PETROLIFEROS FISCALES BOLIVIANOS','104413100007887','1616938','0','2022-09-25',4892.02,0.00,0.00,0.00,0.00,0.00,0.00,0.00,0.00,0.00,'1','28-55-60-42',0,'104413100007887',NULL,1,'2022-11-27 02:51:08','2022-11-27 02:51:08'),(154,'1020115028','EMPRESA PUBLICA SOCIAL DE AGUA Y SANEAMIENTO S.A. (EPSAS S.A.)','299401100033765','3637','0','2022-10-01',10.30,0.00,0.00,0.00,0.00,0.00,0.00,0.00,0.00,0.00,'1','0B-B2-48-1C-2E',0,'299401100033765',NULL,1,'2022-11-27 05:17:40','2022-11-27 05:17:40'),(155,'2710936011','INCA BLANCO BONIFACIO','463101100440129','1390','0','2022-10-04',18.00,0.00,0.00,0.00,0.00,0.00,0.00,0.00,0.00,0.00,'1','0',0,'463101100440129',NULL,1,'2022-11-27 05:17:40','2022-11-27 05:17:40'),(156,'2710936011','INCA BLANCO BONIFACIO','463101100440129','1389','0','2022-10-04',48.00,0.00,0.00,0.00,0.00,0.00,0.00,0.00,0.00,0.00,'1','0',0,'463101100440129',NULL,1,'2022-11-27 05:17:40','2022-11-27 05:17:40'),(157,'225758029','IMPORTACIONES CESARINES SOCIEDAD DE RESPONSABILIDAD LIMITADA','463401100448455','3151','0','2022-10-06',178.00,0.00,0.00,0.00,0.00,0.00,0.00,0.00,0.00,0.00,'1','75-E5-31-0C-90',0,'463401100448455',NULL,1,'2022-11-27 05:17:40','2022-11-27 05:17:40'),(158,'6024187016','PACCI FERNANDEZ JOAQUIN','101FD5FF15191A','1','0','2022-10-06',140.00,0.00,0.00,0.00,0.00,0.00,0.00,0.00,0.00,0.00,'1','0',0,'101FD5FF15191A',NULL,1,'2022-11-27 05:17:40','2022-11-27 05:17:40'),(159,'387330027','ESTACION DE SERVICIO ILLIMANI S.R.L.','252412200217263','16085','0','2022-10-07',24.50,0.00,0.00,0.00,0.00,0.00,0.00,0.00,0.00,0.00,'1','AC-0D-5D-94',0,'252412200217263',NULL,1,'2022-11-27 05:17:40','2022-11-27 05:17:40'),(160,'2409788019','MAMANI ORELLANA PASCUAL','1018B1C70617A','77','0','2022-10-11',480.00,0.00,0.00,0.00,0.00,0.00,0.00,0.00,0.00,0.00,'1','0',0,'1018B1C70617A',NULL,1,'2022-11-27 05:17:40','2022-11-27 05:17:40'),(161,'140017021','CAMARA DE INDUSTRIA Y COMERCIO DE EL ALTO.','9949209A889F272481606CDB28521CC71DD29B5804E99A69ECB56D74','124','0','2022-10-14',200.00,0.00,0.00,0.00,0.00,0.00,0.00,0.00,0.00,0.00,'1','0',0,'9949209A889F272481606CDB28521CC71DD29B5804E99A69ECB56D74',NULL,1,'2022-11-27 05:17:40','2022-11-27 05:17:40'),(162,'298620025','GRUPO HYGIENE S.R.L.','265401200087408','1964','0','2022-10-19',175.00,0.00,0.00,0.00,0.00,0.00,0.00,0.00,0.00,0.00,'1','C1-30-8F-37',0,'265401200087408',NULL,1,'2022-11-27 05:17:40','2022-11-27 05:17:40'),(163,'298620025','GRUPO HYGIENE S.R.L.','265401200087408','1960','0','2022-10-19',175.00,0.00,0.00,0.00,0.00,0.00,0.00,0.00,0.00,0.00,'1','29-BB-29-DB-85',0,'265401200087408',NULL,1,'2022-11-27 05:17:40','2022-11-27 05:17:40'),(164,'1020115028','EMPRESA PUBLICA SOCIAL DE AGUA Y SANEAMIENTO S.A. (EPSAS S.A.)','299401100033712','1773384','0','2022-10-20',1768.60,0.00,0.00,0.00,0.00,0.00,0.00,0.00,8.60,0.00,'1','AD-96-B7-93-CA',0,'299401100033712',NULL,1,'2022-11-27 05:17:40','2022-11-27 05:17:40'),(165,'7069726016','MAMANI TANGARA DAVID','101D3C9829E61A','340','0','2022-10-20',940.00,0.00,0.00,0.00,0.00,0.00,0.00,0.00,0.00,0.00,'1','0',0,'101D3C9829E61A',NULL,1,'2022-11-27 05:17:40','2022-11-27 05:17:40'),(166,'2339253015','PAXI HUANCA NIEVES','101DDB6B08271A','4','0','2022-10-21',60.00,0.00,0.00,0.00,0.00,0.00,0.00,0.00,0.00,0.00,'1','0',0,'101DDB6B08271A',NULL,1,'2022-11-27 05:17:40','2022-11-27 05:17:40'),(167,'2602297012','CRUZ CUSI ELSA','101CBA542C191A','14','0','2022-10-21',90.00,0.00,0.00,0.00,0.00,0.00,0.00,0.00,0.00,0.00,'1','0',0,'101CBA542C191A',NULL,1,'2022-11-27 05:17:40','2022-11-27 05:17:40'),(168,'394035024','OXILAP S.R.L.','10171CA6D0E71A','5','0','2022-10-21',980.00,0.00,0.00,0.00,0.00,0.00,0.00,0.00,0.00,0.00,'1','0',0,'10171CA6D0E71A',NULL,1,'2022-11-27 05:17:40','2022-11-27 05:17:40'),(169,'2602297012','CRUZ CUSI ELSA','101CBA542C191A','16','0','2022-10-22',65.00,0.00,0.00,0.00,0.00,0.00,0.00,0.00,0.00,0.00,'1','0',0,'101CBA542C191A',NULL,1,'2022-11-27 05:17:40','2022-11-27 05:17:40'),(170,'1020269020','YACIMIENTOS PETROLIFEROS FISCALES BOLIVIANOS','104413100007887','2158460','0','2022-10-23',5657.34,0.00,0.00,0.00,0.00,0.00,0.00,0.00,0.00,0.00,'1','59-04-D4-CF-13',0,'104413100007887',NULL,1,'2022-11-27 05:17:40','2022-11-27 05:17:40'),(171,'6059294013','SAMO SAMO PEDRO','10162A9430561A','86','0','2022-10-26',185.00,0.00,0.00,0.00,0.00,0.00,0.00,0.00,0.00,0.00,'1','0',0,'10162A9430561A',NULL,1,'2022-11-27 05:17:40','2022-11-27 05:17:40'),(172,'1020613020','DISTRIBUIDORA DE ELECTRICIDAD LA PAZ S.A. DELAPAZ','296413200229202','83359','0','2022-10-27',12505.80,0.00,0.00,0.00,0.00,2117.68,0.00,0.00,0.00,0.00,'1','60-23-A9-EC',0,'296413200229202',NULL,1,'2022-11-27 05:17:40','2022-11-27 05:17:40');
/*!40000 ALTER TABLE `compras` ENABLE KEYS */;
UNLOCK TABLES;

--
-- Table structure for table `comprobantes`
--

DROP TABLE IF EXISTS `comprobantes`;
/*!40101 SET @saved_cs_client     = @@character_set_client */;
/*!40101 SET character_set_client = utf8 */;
CREATE TABLE `comprobantes` (
  `id` bigint(20) unsigned NOT NULL AUTO_INCREMENT,
  `estado` tinyint(1) DEFAULT 1,
  `nroComprobante` varchar(12) COLLATE utf8mb4_unicode_ci NOT NULL,
  `correlativo` int(10) unsigned NOT NULL,
  `fecha` date NOT NULL,
  `concepto` varchar(250) COLLATE utf8mb4_unicode_ci DEFAULT NULL,
  `notas` varchar(100) COLLATE utf8mb4_unicode_ci DEFAULT NULL,
  `observaciones` varchar(100) COLLATE utf8mb4_unicode_ci DEFAULT NULL,
  `documento` varchar(30) COLLATE utf8mb4_unicode_ci DEFAULT NULL,
  `numeroDocumento` varchar(30) COLLATE utf8mb4_unicode_ci DEFAULT NULL,
  `tipoComprobante_id` bigint(20) unsigned DEFAULT NULL,
  `ejercicio_id` bigint(20) unsigned NOT NULL,
  `created_at` timestamp NULL DEFAULT NULL,
  `updated_at` timestamp NULL DEFAULT NULL,
  PRIMARY KEY (`id`),
  KEY `comprobantes_tipocomprobante_id_foreign` (`tipoComprobante_id`),
  KEY `comprobantes_ejercicio_id_foreign` (`ejercicio_id`),
  CONSTRAINT `comprobantes_ejercicio_id_foreign` FOREIGN KEY (`ejercicio_id`) REFERENCES `ejercicios` (`id`) ON DELETE CASCADE ON UPDATE CASCADE,
  CONSTRAINT `comprobantes_tipocomprobante_id_foreign` FOREIGN KEY (`tipoComprobante_id`) REFERENCES `tipos_de_comprobante` (`id`) ON DELETE SET NULL ON UPDATE CASCADE
) ENGINE=InnoDB AUTO_INCREMENT=135 DEFAULT CHARSET=utf8mb4 COLLATE=utf8mb4_unicode_ci;
/*!40101 SET character_set_client = @saved_cs_client */;

--
-- Dumping data for table `comprobantes`
--

LOCK TABLES `comprobantes` WRITE;
/*!40000 ALTER TABLE `comprobantes` DISABLE KEYS */;
INSERT INTO `comprobantes` VALUES (1,1,'1-010001',1,'2022-01-01','INICIO DE ACTIVIDADES','',NULL,'BALANCE DE APERTURA','',1,1,'2022-11-19 04:40:18','2022-11-19 04:40:18'),(64,1,'2-010001',1,'2022-01-05','POR LA COMPRA A INCA BLANCO BONIFACIO CON NIT 2710936011 SEGÚN FACTURA NRO. 1188 DE FECHA 05/01/2022','NIT: 2710936011 - FACT. NRO. 1188 (TIPO: RESTO)','','FACTURA DE COMPRA','1188',2,1,'2022-12-04 03:06:36','2022-12-04 03:06:36'),(65,1,'2-010002',2,'2022-01-05','POR LA COMPRA A MAYTA BENITEZ FABRICIO ALEJANDRO CON NIT 6851167013 SEGÚN FACTURA NRO. 70 DE FECHA 05/01/2022','NIT: 6851167013 - FACT. NRO. 70 (TIPO: DESCUENTO)','','FACTURA DE COMPRA','70',2,1,'2022-12-04 03:06:36','2022-12-04 03:06:36'),(66,1,'2-010003',3,'2022-01-11','POR LA COMPRA A CAMARA DE INDUSTRIA Y COMERCIO DE EL ALTO. CON NIT 140017021 SEGÚN FACTURA NRO. 82 DE FECHA 11/01/2022','NIT: 140017021 - FACT. NRO. 82 (TIPO: RESTO)','','FACTURA DE COMPRA','82',2,1,'2022-12-04 03:06:36','2022-12-04 03:06:36'),(67,1,'2-010004',4,'2022-01-14','POR LA COMPRA A CONDORI QUISBERT BLADIMIR DAVID CON NIT 9899524019 SEGÚN FACTURA NRO. 240 DE FECHA 14/01/2022','NIT: 9899524019 - FACT. NRO. 240 (TIPO: RESTO)','','FACTURA DE COMPRA','240',2,1,'2022-12-04 03:06:36','2022-12-04 03:06:36'),(68,1,'2-010005',5,'2022-01-17','POR LA COMPRA A LIBRERIA PAPELERIA Y EDITORIAL GISBERT Y CIA. S.A. CON NIT 1007043027 SEGÚN FACTURA NRO. 4689 DE FECHA 17/01/2022','NIT: 1007043027 - FACT. NRO. 4689 (TIPO: RESTO)','','FACTURA DE COMPRA','4689',2,1,'2022-12-04 03:06:36','2022-12-04 03:06:36'),(69,1,'2-010006',6,'2022-01-19','POR LA COMPRA A EMPRESA PUBLICA SOCIAL DE AGUA Y SANEAMIENTO S.A. (EPSAS S.A.) CON NIT 1020115028 SEGÚN FACTURA NRO. 841721 DE FECHA 19/01/2022','NIT: 1020115028 - FACT. NRO. 841721 (TIPO: RESTO)','','FACTURA DE COMPRA','841721',2,1,'2022-12-04 03:06:36','2022-12-04 03:06:36'),(70,1,'2-010007',7,'2022-01-25','POR LA COMPRA A GRUPO HYGIENE S.R.L. CON NIT 298620025 SEGÚN FACTURA NRO. 110 DE FECHA 25/01/2022','NIT: 298620025 - FACT. NRO. 110 (TIPO: RESTO)','','FACTURA DE COMPRA','110',2,1,'2022-12-04 03:06:36','2022-12-04 03:06:36'),(71,1,'2-010008',8,'2022-01-26','POR LA COMPRA A ALCON  ROXANA CON NIT 4829813017 SEGÚN FACTURA NRO. 105 DE FECHA 26/01/2022','NIT: 4829813017 - FACT. NRO. 105 (TIPO: RESTO)','','FACTURA DE COMPRA','105',2,1,'2022-12-04 03:06:36','2022-12-04 03:06:36'),(72,1,'2-010009',9,'2022-01-27','POR LA COMPRA A VASQUEZ SANJINES EDWIN RAMIRO CON NIT 4923180017 SEGÚN FACTURA NRO. 660 DE FECHA 27/01/2022','NIT: 4923180017 - FACT. NRO. 660 (TIPO: RESTO)','','FACTURA DE COMPRA','660',2,1,'2022-12-04 03:06:36','2022-12-04 03:06:36'),(73,1,'2-010010',10,'2022-01-27','POR LA COMPRA A YACIMIENTOS PETROLIFEROS FISCALES BOLIVIANOS CON NIT 1020269020 SEGÚN FACTURA NRO. 541020 DE FECHA 27/01/2022','NIT: 1020269020 - FACT. NRO. 541020 (TIPO: RESTO)','','FACTURA DE COMPRA','541020',2,1,'2022-12-04 03:06:36','2022-12-04 03:06:36'),(74,1,'2-010011',11,'2022-01-28','POR LA COMPRA A DISTRIBUIDORA DE ELECTRICIDAD LA PAZ S.A. DELAPAZ CON NIT 1020613020 SEGÚN FACTURA NRO. 542242 DE FECHA 28/01/2022','NIT: 1020613020 - FACT. NRO. 542242 (TIPO: ELECTRICIDAD)','','FACTURA DE COMPRA','542242',2,1,'2022-12-04 03:06:36','2022-12-04 03:06:36'),(75,1,'2-010012',12,'2022-01-29','POR LA COMPRA A EMPRESA DE SERVICIOS VIACHA GAS S.A. CON NIT 120423026 SEGÚN FACTURA NRO. 7712 DE FECHA 29/01/2022','NIT: 120423026 - FACT. NRO. 7712 (TIPO: RESTO)','','FACTURA DE COMPRA','7712',2,1,'2022-12-04 03:06:36','2022-12-04 03:06:36'),(76,1,'2-010013',13,'2022-01-29','POR LA COMPRA A EMPRESA DE SERVICIOS VIACHA GAS S.A. CON NIT 120423026 SEGÚN FACTURA NRO. 7711 DE FECHA 29/01/2022','NIT: 120423026 - FACT. NRO. 7711 (TIPO: RESTO)','','FACTURA DE COMPRA','7711',2,1,'2022-12-04 03:06:36','2022-12-04 03:06:36'),(77,1,'2-010014',14,'2022-01-31','POR LA COMPRA A TELEFONICA CELULAR DE BOLIVIA S.A. CON NIT 1020255020 SEGÚN FACTURA NRO. 220848 DE FECHA 31/01/2022','NIT: 1020255020 - FACT. NRO. 220848 (TIPO: RESTO)','','FACTURA DE COMPRA','220848',2,1,'2022-12-04 03:06:36','2022-12-04 03:06:36'),(78,1,'2-010015',15,'2022-01-31','POR LA COMPRA A TELEFONICA CELULAR DE BOLIVIA S.A. CON NIT 1020255020 SEGÚN FACTURA NRO. 220846 DE FECHA 31/01/2022','NIT: 1020255020 - FACT. NRO. 220846 (TIPO: RESTO)','','FACTURA DE COMPRA','220846',2,1,'2022-12-04 03:06:36','2022-12-04 03:06:36'),(79,1,'2-010016',16,'2022-01-31','POR LA COMPRA A TELEFONICA CELULAR DE BOLIVIA S.A. CON NIT 1020255020 SEGÚN FACTURA NRO. 220844 DE FECHA 31/01/2022','NIT: 1020255020 - FACT. NRO. 220844 (TIPO: RESTO)','','FACTURA DE COMPRA','220844',2,1,'2022-12-04 03:06:36','2022-12-04 03:06:36'),(80,0,'3-010001',1,'2022-01-04','POR LA VENTA A OLGA NINA CON CI/NIT 4948755017 SEGÚN FACTURA NRO. 901 DE FECHA 04/01/2022','CI/NIT: 4948755017 - FACT. NRO. 901 (TIPO: RESTO)','','FACTURA DE VENTA','901',3,1,'2022-12-04 05:03:55','2022-12-04 05:24:21'),(81,0,'3-010002',2,'2022-01-05','POR LA VENTA A EVA PAMELA UZQUIANO MONZON CON CI/NIT 4929183010 SEGÚN FACTURA NRO. 902 DE FECHA 05/01/2022','CI/NIT: 4929183010 - FACT. NRO. 902 (TIPO: RESTO)','','FACTURA DE VENTA','902',3,1,'2022-12-04 05:03:55','2022-12-04 05:37:43'),(82,1,'3-010003',3,'2022-01-05','POR LA VENTA A GRASLUB SRL CON CI/NIT 360559022 SEGÚN FACTURA NRO. 903 DE FECHA 05/01/2022','CI/NIT: 360559022 - FACT. NRO. 903 (TIPO: RESTO)','','FACTURA DE VENTA','903',3,1,'2022-12-04 05:03:55','2022-12-04 05:03:55'),(83,1,'3-010004',4,'2022-01-05','POR LA VENTA A GUTIERREZ CON CI/NIT 2587845016 SEGÚN FACTURA NRO. 904 DE FECHA 05/01/2022','CI/NIT: 2587845016 - FACT. NRO. 904 (TIPO: RESTO)','','FACTURA DE VENTA','904',3,1,'2022-12-04 05:03:55','2022-12-04 05:03:55'),(84,0,'3-010005',5,'2022-01-07','POR LA VENTA A JULIA CHURA ZARATE CON CI/NIT 4848029010 SEGÚN FACTURA NRO. 905 DE FECHA 07/01/2022','CI/NIT: 4848029010 - FACT. NRO. 905 (TIPO: RESTO)','','FACTURA DE VENTA','905',3,1,'2022-12-04 05:03:55','2022-12-04 05:39:46'),(85,1,'3-010006',6,'2022-01-07','POR LA VENTA A GENOVEVA POLO CRUZ CON CI/NIT 7477583016 SEGÚN FACTURA NRO. 906 DE FECHA 07/01/2022','CI/NIT: 7477583016 - FACT. NRO. 906 (TIPO: RESTO)','','FACTURA DE VENTA','906',3,1,'2022-12-04 05:03:55','2022-12-04 05:03:55'),(86,1,'3-010007',7,'2022-01-07','POR LA VENTA A CAROLINA JHOVANA PADILLA CHURATA CON CI/NIT 5179387015 SEGÚN FACTURA NRO. 907 DE FECHA 07/01/2022','CI/NIT: 5179387015 - FACT. NRO. 907 (TIPO: RESTO)','','FACTURA DE VENTA','907',3,1,'2022-12-04 05:03:55','2022-12-04 05:03:55'),(87,1,'3-010008',8,'2022-01-07','POR LA VENTA A GRASLUB SRL CON CI/NIT 360559022 SEGÚN FACTURA NRO. 908 DE FECHA 07/01/2022','CI/NIT: 360559022 - FACT. NRO. 908 (TIPO: RESTO)','','FACTURA DE VENTA','908',3,1,'2022-12-04 05:03:55','2022-12-04 05:03:55'),(88,1,'3-010009',9,'2022-01-07','POR LA VENTA A SILVIA ORTIZ TELLEZ DE FLORES CON CI/NIT 1051955012 SEGÚN FACTURA NRO. 909 DE FECHA 07/01/2022','CI/NIT: 1051955012 - FACT. NRO. 909 (TIPO: RESTO)','','FACTURA DE VENTA','909',3,1,'2022-12-04 05:03:55','2022-12-04 05:03:55'),(89,1,'3-010010',10,'2022-01-09','POR LA VENTA A LUCY QUISPE HUANCA CON CI/NIT 4891690 SEGÚN FACTURA NRO. 552 DE FECHA 09/01/2022','CI/NIT: 4891690 - FACT. NRO. 552 (TIPO: RESTO)','','FACTURA DE VENTA','552',3,1,'2022-12-04 05:03:55','2022-12-04 05:03:55'),(90,1,'3-010011',11,'2022-01-09','POR LA VENTA A FELIX CATARI CON CI/NIT 1258281014 SEGÚN FACTURA NRO. 553 DE FECHA 09/01/2022','CI/NIT: 1258281014 - FACT. NRO. 553 (TIPO: RESTO)','','FACTURA DE VENTA','553',3,1,'2022-12-04 05:03:55','2022-12-04 05:03:55'),(91,1,'3-010012',12,'2022-01-09','POR LA VENTA A LUCY QUISPE HUANCA CON CI/NIT 4891690 SEGÚN FACTURA NRO. 910 DE FECHA 09/01/2022','CI/NIT: 4891690 - FACT. NRO. 910 (TIPO: RESTO)','','FACTURA DE VENTA','910',3,1,'2022-12-04 05:03:55','2022-12-04 05:03:55'),(92,1,'3-010013',13,'2022-01-09','POR LA VENTA A FELIX CATARI CON CI/NIT 1258281014 SEGÚN FACTURA NRO. 911 DE FECHA 09/01/2022','CI/NIT: 1258281014 - FACT. NRO. 911 (TIPO: RESTO)','','FACTURA DE VENTA','911',3,1,'2022-12-04 05:03:55','2022-12-04 05:03:55'),(93,1,'3-010014',14,'2022-01-10','POR LA VENTA A ECOGRAS SRL CON CI/NIT 372201024 SEGÚN FACTURA NRO. 554 DE FECHA 10/01/2022','CI/NIT: 372201024 - FACT. NRO. 554 (TIPO: RESTO)','','FACTURA DE VENTA','554',3,1,'2022-12-04 05:03:55','2022-12-04 05:03:55'),(94,1,'3-010015',15,'2022-01-10','POR LA VENTA A ECOGRAS SRL CON CI/NIT 372201024 SEGÚN FACTURA NRO. 912 DE FECHA 10/01/2022','CI/NIT: 372201024 - FACT. NRO. 912 (TIPO: RESTO)','','FACTURA DE VENTA','912',3,1,'2022-12-04 05:03:55','2022-12-04 05:03:55'),(95,1,'3-010016',16,'2022-01-11','POR LA VENTA A GRASLUB SRL CON CI/NIT 360559022 SEGÚN FACTURA NRO. 555 DE FECHA 11/01/2022','CI/NIT: 360559022 - FACT. NRO. 555 (TIPO: RESTO)','','FACTURA DE VENTA','555',3,1,'2022-12-04 05:03:55','2022-12-04 05:03:55'),(96,1,'3-010017',17,'2022-01-11','POR LA VENTA A MILENKA GOMEZ ESPINOZA CON CI/NIT 4849572019 SEGÚN FACTURA NRO. 556 DE FECHA 11/01/2022','CI/NIT: 4849572019 - FACT. NRO. 556 (TIPO: RESTO)','','FACTURA DE VENTA','556',3,1,'2022-12-04 05:03:55','2022-12-04 05:03:55'),(97,1,'3-010018',18,'2022-01-11','POR LA VENTA A MAXIMA DE QUISPE CON CI/NIT 328064019 SEGÚN FACTURA NRO. 557 DE FECHA 11/01/2022','CI/NIT: 328064019 - FACT. NRO. 557 (TIPO: RESTO)','','FACTURA DE VENTA','557',3,1,'2022-12-04 05:03:56','2022-12-04 05:03:56'),(98,1,'3-010019',19,'2022-01-11','POR LA VENTA A GRASLUB SRL CON CI/NIT 360559022 SEGÚN FACTURA NRO. 913 DE FECHA 11/01/2022','CI/NIT: 360559022 - FACT. NRO. 913 (TIPO: RESTO)','','FACTURA DE VENTA','913',3,1,'2022-12-04 05:03:56','2022-12-04 05:03:56'),(99,1,'3-010020',20,'2022-01-11','POR LA VENTA A MILENKA GOMEZ ESPINOZA CON CI/NIT 4849572019 SEGÚN FACTURA NRO. 914 DE FECHA 11/01/2022','CI/NIT: 4849572019 - FACT. NRO. 914 (TIPO: RESTO)','','FACTURA DE VENTA','914',3,1,'2022-12-04 05:03:56','2022-12-04 05:03:56'),(100,1,'3-010021',21,'2022-01-11','POR LA VENTA A MAXIMA DE QUISPE CON CI/NIT 328064019 SEGÚN FACTURA NRO. 915 DE FECHA 11/01/2022','CI/NIT: 328064019 - FACT. NRO. 915 (TIPO: RESTO)','','FACTURA DE VENTA','915',3,1,'2022-12-04 05:03:56','2022-12-04 05:03:56'),(101,1,'3-010022',22,'2022-01-14','POR LA VENTA A COMERCIAL LA ESTRELLA CON CI/NIT 1408456016 SEGÚN FACTURA NRO. 558 DE FECHA 14/01/2022','CI/NIT: 1408456016 - FACT. NRO. 558 (TIPO: RESTO)','','FACTURA DE VENTA','558',3,1,'2022-12-04 05:03:56','2022-12-04 05:03:56'),(102,1,'3-010023',23,'2022-01-14','POR LA VENTA A ANGEL CONDORI CON CI/NIT 6004134011 SEGÚN FACTURA NRO. 559 DE FECHA 14/01/2022','CI/NIT: 6004134011 - FACT. NRO. 559 (TIPO: RESTO)','','FACTURA DE VENTA','559',3,1,'2022-12-04 05:03:57','2022-12-04 05:03:57'),(103,1,'3-010024',24,'2022-01-14','POR LA VENTA A COMERCIAL LA ESTRELLA CON CI/NIT 1408456016 SEGÚN FACTURA NRO. 916 DE FECHA 14/01/2022','CI/NIT: 1408456016 - FACT. NRO. 916 (TIPO: RESTO)','','FACTURA DE VENTA','916',3,1,'2022-12-04 05:03:58','2022-12-04 05:03:58'),(104,1,'3-010025',25,'2022-01-14','POR LA VENTA A ANGEL CONDORI CON CI/NIT 6004134011 SEGÚN FACTURA NRO. 917 DE FECHA 14/01/2022','CI/NIT: 6004134011 - FACT. NRO. 917 (TIPO: RESTO)','','FACTURA DE VENTA','917',3,1,'2022-12-04 05:03:59','2022-12-04 05:03:59'),(105,1,'3-010026',26,'2022-01-17','POR LA VENTA A LA TORRE CON CI/NIT 2533549 SEGÚN FACTURA NRO. 560 DE FECHA 17/01/2022','CI/NIT: 2533549 - FACT. NRO. 560 (TIPO: RESTO)','','FACTURA DE VENTA','560',3,1,'2022-12-04 05:03:59','2022-12-04 05:03:59'),(106,1,'3-010027',27,'2022-01-17','POR LA VENTA A VARGAS CON CI/NIT 4925394 SEGÚN FACTURA NRO. 561 DE FECHA 17/01/2022','CI/NIT: 4925394 - FACT. NRO. 561 (TIPO: RESTO)','','FACTURA DE VENTA','561',3,1,'2022-12-04 05:04:00','2022-12-04 05:04:00'),(107,1,'3-010028',28,'2022-01-17','POR LA VENTA A LA TORRE CON CI/NIT 2533549 SEGÚN FACTURA NRO. 918 DE FECHA 17/01/2022','CI/NIT: 2533549 - FACT. NRO. 918 (TIPO: RESTO)','','FACTURA DE VENTA','918',3,1,'2022-12-04 05:04:00','2022-12-04 05:04:00'),(108,1,'3-010029',29,'2022-01-17','POR LA VENTA A VARGAS CON CI/NIT 4925394 SEGÚN FACTURA NRO. 919 DE FECHA 17/01/2022','CI/NIT: 4925394 - FACT. NRO. 919 (TIPO: RESTO)','','FACTURA DE VENTA','919',3,1,'2022-12-04 05:04:00','2022-12-04 05:04:00'),(109,1,'3-010030',30,'2022-01-20','POR LA VENTA A FABRICA DE SOMBREROS CHUQUISACA CON CI/NIT 1000543021 SEGÚN FACTURA NRO. 562 DE FECHA 20/01/2022','CI/NIT: 1000543021 - FACT. NRO. 562 (TIPO: RESTO)','','FACTURA DE VENTA','562',3,1,'2022-12-04 05:04:01','2022-12-04 05:04:01'),(110,1,'3-010031',31,'2022-01-20','POR LA VENTA A RAMIRO JANCO ARANIBAR CON CI/NIT 4786145018 SEGÚN FACTURA NRO. 563 DE FECHA 20/01/2022','CI/NIT: 4786145018 - FACT. NRO. 563 (TIPO: RESTO)','','FACTURA DE VENTA','563',3,1,'2022-12-04 05:04:01','2022-12-04 05:04:01'),(111,1,'3-010032',32,'2022-01-20','POR LA VENTA A FABRICA DE SOMBREROS CHUQUISACA CON CI/NIT 1000543021 SEGÚN FACTURA NRO. 920 DE FECHA 20/01/2022','CI/NIT: 1000543021 - FACT. NRO. 920 (TIPO: RESTO)','','FACTURA DE VENTA','920',3,1,'2022-12-04 05:04:01','2022-12-04 05:04:01'),(112,1,'3-010033',33,'2022-01-20','POR LA VENTA A RAMIRO JANCO ARANIBAR CON CI/NIT 4786145018 SEGÚN FACTURA NRO. 921 DE FECHA 20/01/2022','CI/NIT: 4786145018 - FACT. NRO. 921 (TIPO: RESTO)','','FACTURA DE VENTA','921',3,1,'2022-12-04 05:04:01','2022-12-04 05:04:01'),(113,1,'3-010034',34,'2022-01-21','POR LA VENTA A TEXTILES BURCAL SRL CON CI/NIT 120179020 SEGÚN FACTURA NRO. 923 DE FECHA 21/01/2022','CI/NIT: 120179020 - FACT. NRO. 923 (TIPO: RESTO)','','FACTURA DE VENTA','923',3,1,'2022-12-04 05:04:01','2022-12-04 05:04:01'),(114,1,'3-010035',35,'2022-01-28','POR LA VENTA A GRASLUB SRL CON CI/NIT 360559022 SEGÚN FACTURA NRO. 924 DE FECHA 28/01/2022','CI/NIT: 360559022 - FACT. NRO. 924 (TIPO: RESTO)','','FACTURA DE VENTA','924',3,1,'2022-12-04 05:04:02','2022-12-04 05:04:02'),(115,1,'3-010036',36,'2022-01-28','POR LA VENTA A ISABEL CALDERON CON CI/NIT 2366193016 SEGÚN FACTURA NRO. 925 DE FECHA 28/01/2022','CI/NIT: 2366193016 - FACT. NRO. 925 (TIPO: RESTO)','','FACTURA DE VENTA','925',3,1,'2022-12-04 05:04:03','2022-12-04 05:04:03'),(116,1,'3-010037',37,'2022-01-31','POR LA VENTA A CONDE CON CI/NIT 2249559 SEGÚN FACTURA NRO. 926 DE FECHA 31/01/2022','CI/NIT: 2249559 - FACT. NRO. 926 (TIPO: RESTO)','','FACTURA DE VENTA','926',3,1,'2022-12-04 05:04:04','2022-12-04 05:04:04'),(117,1,'3-010038',38,'2022-01-31','POR LA VENTA A LOZA CON CI/NIT 2530329 SEGÚN FACTURA NRO. 927 DE FECHA 31/01/2022','CI/NIT: 2530329 - FACT. NRO. 927 (TIPO: RESTO)','','FACTURA DE VENTA','927',3,1,'2022-12-04 05:04:04','2022-12-04 05:04:04'),(118,1,'3-010039',39,'2022-01-31','POR LA VENTA A ROMERO CON CI/NIT 4975459 SEGÚN FACTURA NRO. 928 DE FECHA 31/01/2022','CI/NIT: 4975459 - FACT. NRO. 928 (TIPO: RESTO)','','FACTURA DE VENTA','928',3,1,'2022-12-04 05:04:04','2022-12-04 05:04:04'),(119,1,'3-010040',40,'2022-01-31','POR LA VENTA A ROSALES CON CI/NIT 4932324 SEGÚN FACTURA NRO. 930 DE FECHA 31/01/2022','CI/NIT: 4932324 - FACT. NRO. 930 (TIPO: RESTO)','','FACTURA DE VENTA','930',3,1,'2022-12-04 05:04:04','2022-12-04 05:04:04'),(120,0,'3-020001',1,'2022-02-03','POR LA VENTA A ECOGRAS SRL CON CI/NIT 372201024 SEGÚN FACTURA NRO. 934 DE FECHA 03/02/2022','CI/NIT: 372201024 - FACT. NRO. 934 (TIPO: RESTO)','','FACTURA DE VENTA','934',3,1,'2022-12-04 06:00:48','2022-12-04 06:03:16'),(121,0,'3-020002',2,'2022-02-04','POR LA VENTA A CANSAYA CON CI/NIT 9944133 SEGÚN FACTURA NRO. 935 DE FECHA 04/02/2022','CI/NIT: 9944133 - FACT. NRO. 935 (TIPO: DESCUENTO)','','FACTURA DE VENTA','935',3,1,'2022-12-04 06:00:48','2022-12-04 06:02:50'),(122,1,'3-020003',3,'2022-02-01','POR LA VENTA A LOZA CON CI/NIT 3445291 SEGÚN FACTURA NRO. 931 DE FECHA 01/02/2022','CI/NIT: 3445291 - FACT. NRO. 931 (TIPO: RESTO)','','FACTURA DE VENTA','931',3,1,'2022-12-04 06:16:18','2022-12-04 06:16:18'),(123,1,'3-020004',4,'2022-02-03','POR LA VENTA A ECOGRAS SRL CON CI/NIT 372201024 SEGÚN FACTURA NRO. 934 DE FECHA 03/02/2022','CI/NIT: 372201024 - FACT. NRO. 934 (TIPO: RESTO)','','FACTURA DE VENTA','934',3,1,'2022-12-04 06:16:18','2022-12-04 06:16:18'),(124,0,'3-020005',5,'2022-02-04','POR LA VENTA A CANSAYA CON CI/NIT 9944133 SEGÚN FACTURA NRO. 935 DE FECHA 04/02/2022','CI/NIT: 9944133 - FACT. NRO. 935 (TIPO: DESCUENTO)','','FACTURA DE VENTA','935',3,1,'2022-12-04 06:16:18','2022-12-04 06:24:07'),(125,1,'3-020006',6,'2022-02-09','POR LA VENTA A GENOVEVA POLO CRUZ CON CI/NIT 7477583016 SEGÚN FACTURA NRO. 936 DE FECHA 09/02/2022','CI/NIT: 7477583016 - FACT. NRO. 936 (TIPO: RESTO)','','FACTURA DE VENTA','936',3,1,'2022-12-04 06:16:18','2022-12-04 06:16:18'),(126,1,'3-020007',7,'2022-02-10','POR LA VENTA A ANGEL DAVALOS CON CI/NIT 1071758018 SEGÚN FACTURA NRO. 937 DE FECHA 10/02/2022','CI/NIT: 1071758018 - FACT. NRO. 937 (TIPO: RESTO)','','FACTURA DE VENTA','937',3,1,'2022-12-04 06:16:18','2022-12-04 06:16:18'),(127,1,'3-020008',8,'2022-02-11','POR LA VENTA A FELIX CATARI CON CI/NIT 1258281014 SEGÚN FACTURA NRO. 938 DE FECHA 11/02/2022','CI/NIT: 1258281014 - FACT. NRO. 938 (TIPO: RESTO)','','FACTURA DE VENTA','938',3,1,'2022-12-04 06:16:18','2022-12-04 06:16:18'),(128,1,'3-020009',9,'2022-02-14','POR LA VENTA A HERNAN RODRIGUEZ CON CI/NIT 2884176015 SEGÚN FACTURA NRO. 939 DE FECHA 14/02/2022','CI/NIT: 2884176015 - FACT. NRO. 939 (TIPO: RESTO)','','FACTURA DE VENTA','939',3,1,'2022-12-04 06:16:18','2022-12-04 06:16:18'),(129,1,'3-020010',10,'2022-02-14','POR LA VENTA A SALAZAR CON CI/NIT 22038441 SEGÚN FACTURA NRO. 940 DE FECHA 14/02/2022','CI/NIT: 22038441 - FACT. NRO. 940 (TIPO: RESTO)','','FACTURA DE VENTA','940',3,1,'2022-12-04 06:16:18','2022-12-04 06:16:18'),(130,1,'3-020011',11,'2022-02-14','POR LA VENTA A INFANTE CON CI/NIT 3448511 SEGÚN FACTURA NRO. 941 DE FECHA 14/02/2022','CI/NIT: 3448511 - FACT. NRO. 941 (TIPO: RESTO)','','FACTURA DE VENTA','941',3,1,'2022-12-04 06:16:18','2022-12-04 06:16:18'),(131,1,'3-020012',12,'2022-02-15','POR LA VENTA A EDGAR ALBA CON CI/NIT 986168014 SEGÚN FACTURA NRO. 943 DE FECHA 15/02/2022','CI/NIT: 986168014 - FACT. NRO. 943 (TIPO: RESTO)','','FACTURA DE VENTA','943',3,1,'2022-12-04 06:16:18','2022-12-04 06:16:18'),(132,1,'3-020013',13,'2022-02-16','POR LA VENTA A LOZA CON CI/NIT 2530329 SEGÚN FACTURA NRO. 944 DE FECHA 16/02/2022','CI/NIT: 2530329 - FACT. NRO. 944 (TIPO: RESTO)','','FACTURA DE VENTA','944',3,1,'2022-12-04 06:16:18','2022-12-04 06:16:18'),(133,1,'3-020014',14,'2022-02-17','POR LA VENTA A VARGAS CON CI/NIT 4925394 SEGÚN FACTURA NRO. 945 DE FECHA 17/02/2022','CI/NIT: 4925394 - FACT. NRO. 945 (TIPO: RESTO)','','FACTURA DE VENTA','945',3,1,'2022-12-04 06:16:18','2022-12-04 06:16:18'),(134,1,'3-020015',15,'2022-02-04','POR LA VENTA A CANSAYA CON CI/NIT 9944133 SEGÚN FACTURA NRO. 935 DE FECHA 04/02/2022','CI/NIT: 9944133 - FACT. NRO. 935 (TIPO: DESCUENTO)','','FACTURA DE VENTA','935',3,1,'2022-12-04 06:25:26','2022-12-04 06:25:26');
/*!40000 ALTER TABLE `comprobantes` ENABLE KEYS */;
UNLOCK TABLES;

--
-- Table structure for table `configuracion_sistema`
--

DROP TABLE IF EXISTS `configuracion_sistema`;
/*!40101 SET @saved_cs_client     = @@character_set_client */;
/*!40101 SET character_set_client = utf8 */;
CREATE TABLE `configuracion_sistema` (
  `id` bigint(20) unsigned NOT NULL AUTO_INCREMENT,
  `mensajeWhatsapp` varchar(100) COLLATE utf8mb4_unicode_ci DEFAULT NULL,
  `anioMinimo` int(11) DEFAULT NULL,
  `created_at` timestamp NULL DEFAULT NULL,
  `updated_at` timestamp NULL DEFAULT NULL,
  PRIMARY KEY (`id`)
) ENGINE=InnoDB AUTO_INCREMENT=2 DEFAULT CHARSET=utf8mb4 COLLATE=utf8mb4_unicode_ci;
/*!40101 SET character_set_client = @saved_cs_client */;

--
-- Dumping data for table `configuracion_sistema`
--

LOCK TABLES `configuracion_sistema` WRITE;
/*!40000 ALTER TABLE `configuracion_sistema` DISABLE KEYS */;
INSERT INTO `configuracion_sistema` VALUES (1,'Hola, le escribimos del Estudio Contable Enlace Audi Legal',2021,NULL,'2022-12-01 20:24:55');
/*!40000 ALTER TABLE `configuracion_sistema` ENABLE KEYS */;
UNLOCK TABLES;

--
-- Table structure for table `cuentas_defaults`
--

DROP TABLE IF EXISTS `cuentas_defaults`;
/*!40101 SET @saved_cs_client     = @@character_set_client */;
/*!40101 SET character_set_client = utf8 */;
CREATE TABLE `cuentas_defaults` (
  `id` bigint(20) unsigned NOT NULL AUTO_INCREMENT,
  `contexto` varchar(20) COLLATE utf8mb4_unicode_ci NOT NULL,
  `factura_tipo` varchar(20) COLLATE utf8mb4_unicode_ci NOT NULL DEFAULT 'no aplica',
  `referencia` varchar(50) COLLATE utf8mb4_unicode_ci NOT NULL,
  `tipo` varchar(20) COLLATE utf8mb4_unicode_ci NOT NULL,
  `subcuenta_id` varchar(15) COLLATE utf8mb4_unicode_ci DEFAULT NULL,
  `created_at` timestamp NULL DEFAULT NULL,
  `updated_at` timestamp NULL DEFAULT NULL,
  PRIMARY KEY (`id`),
  KEY `cuentas_defaults_subcuenta_id_foreign` (`subcuenta_id`),
  CONSTRAINT `cuentas_defaults_subcuenta_id_foreign` FOREIGN KEY (`subcuenta_id`) REFERENCES `pc_sub_cuenta` (`id`) ON DELETE SET NULL ON UPDATE CASCADE
) ENGINE=InnoDB AUTO_INCREMENT=9 DEFAULT CHARSET=utf8mb4 COLLATE=utf8mb4_unicode_ci;
/*!40101 SET character_set_client = @saved_cs_client */;

--
-- Dumping data for table `cuentas_defaults`
--

LOCK TABLES `cuentas_defaults` WRITE;
/*!40000 ALTER TABLE `cuentas_defaults` DISABLE KEYS */;
INSERT INTO `cuentas_defaults` VALUES (1,'COMPRA','RESTO','CRÉDITO FISCAL-IVA','ACTIVO','1010202001',NULL,NULL),(2,'COMPRA','DESCUENTO','DESCUENTOS Y DEVOLUCIONES SOBRE COMPRAS','GASTO -SALDO NEGATIV','5010102002',NULL,NULL),(3,'COMPRA','COMBUSTIBLE','IVA SUBENCIONADO (COMBUSTIBLE)','GASTO','5020104003',NULL,NULL),(4,'COMPRA','ELECTRICIDAD','TASA DE ASEO Y ALUMBRADO PUBLICO','GASTO','5020103004',NULL,NULL),(5,'VENTA','RESTO','DÉBITO FISCAL-IVA','PASIVO','2010201001',NULL,NULL),(6,'VENTA','DESCUENTO','DESCUENTOS Y DEVOLUCIONES SOBRE VENTAS','INGRESO -SALDO NEGAT','4010101002',NULL,NULL),(7,'VENTA','RESTO','IMPUESTO A LA TRANSACCIONES POR PAGAR','PASIVO','2010201002',NULL,NULL),(8,'VENTA','RESTO','IMPUESTO A LAS TRANSACCIONES','GASTO','5020105001',NULL,NULL);
/*!40000 ALTER TABLE `cuentas_defaults` ENABLE KEYS */;
UNLOCK TABLES;

--
-- Table structure for table `depreciaciones`
--

DROP TABLE IF EXISTS `depreciaciones`;
/*!40101 SET @saved_cs_client     = @@character_set_client */;
/*!40101 SET character_set_client = utf8 */;
CREATE TABLE `depreciaciones` (
  `id` bigint(20) unsigned NOT NULL AUTO_INCREMENT,
  `fechaInicial` date DEFAULT NULL,
  `fechaFinal` date DEFAULT NULL,
  `reexpresar` tinyint(4) DEFAULT 0,
  `meses` double(5,2) DEFAULT 0.00,
  `valorInicial_depr` double(9,2) DEFAULT NULL,
  `depAcumInicial_depr` double(9,2) DEFAULT NULL,
  `valorFinal_depr` double(9,2) DEFAULT NULL,
  `depAcumFinal_depr` double(9,2) DEFAULT NULL,
  `activoFijo_id` varchar(11) COLLATE utf8mb4_unicode_ci NOT NULL,
  `ejercicio_id` bigint(20) unsigned NOT NULL,
  `created_at` timestamp NULL DEFAULT NULL,
  `updated_at` timestamp NULL DEFAULT NULL,
  PRIMARY KEY (`id`),
  KEY `depreciaciones_activofijo_id_foreign` (`activoFijo_id`),
  KEY `depreciaciones_ejercicio_id_foreign` (`ejercicio_id`),
  CONSTRAINT `depreciaciones_activofijo_id_foreign` FOREIGN KEY (`activoFijo_id`) REFERENCES `activos_fijos` (`id`) ON DELETE CASCADE ON UPDATE CASCADE,
  CONSTRAINT `depreciaciones_ejercicio_id_foreign` FOREIGN KEY (`ejercicio_id`) REFERENCES `ejercicios` (`id`) ON DELETE CASCADE ON UPDATE CASCADE
) ENGINE=InnoDB AUTO_INCREMENT=9 DEFAULT CHARSET=utf8mb4 COLLATE=utf8mb4_unicode_ci;
/*!40101 SET character_set_client = @saved_cs_client */;

--
-- Dumping data for table `depreciaciones`
--

LOCK TABLES `depreciaciones` WRITE;
/*!40000 ALTER TABLE `depreciaciones` DISABLE KEYS */;
INSERT INTO `depreciaciones` VALUES (4,'2021-01-01','2021-12-31',0,12.00,20000.00,0.00,20000.00,5000.00,'02-20001',4,'2022-12-02 05:34:59','2022-12-02 05:35:27'),(5,'2022-01-01','2022-12-10',1,12.00,20000.00,5000.00,20260.85,10130.42,'02-20001',2,'2022-12-02 05:42:33','2022-12-03 14:31:13'),(6,'2022-01-01','2022-12-10',1,12.00,3000.00,0.00,3039.13,759.78,'02-20002',2,'2022-12-03 02:55:51','2022-12-03 14:31:13'),(7,'2022-01-01','2022-12-10',0,12.00,280000.00,0.00,280000.00,7000.00,'01-10001',1,'2022-12-04 14:39:38','2022-12-04 14:40:25'),(8,'2022-02-01','2022-12-10',0,12.00,125000.00,0.00,125000.00,3125.00,'01-10002',1,'2022-12-04 14:39:38','2022-12-04 14:40:25');
/*!40000 ALTER TABLE `depreciaciones` ENABLE KEYS */;
UNLOCK TABLES;

--
-- Table structure for table `detalle_comprobante`
--

DROP TABLE IF EXISTS `detalle_comprobante`;
/*!40101 SET @saved_cs_client     = @@character_set_client */;
/*!40101 SET character_set_client = utf8 */;
CREATE TABLE `detalle_comprobante` (
  `id` bigint(20) unsigned NOT NULL AUTO_INCREMENT,
  `debe` double(12,2) DEFAULT NULL,
  `haber` double(12,2) DEFAULT NULL,
  `orden` bigint(20) unsigned DEFAULT 0,
  `comprobante_id` bigint(20) unsigned NOT NULL,
  `subcuenta_id` varchar(15) COLLATE utf8mb4_unicode_ci NOT NULL,
  `created_at` timestamp NULL DEFAULT NULL,
  `updated_at` timestamp NULL DEFAULT NULL,
  PRIMARY KEY (`id`),
  KEY `detalle_comprobante_comprobante_id_foreign` (`comprobante_id`),
  KEY `detalle_comprobante_subcuenta_id_foreign` (`subcuenta_id`),
  CONSTRAINT `detalle_comprobante_comprobante_id_foreign` FOREIGN KEY (`comprobante_id`) REFERENCES `comprobantes` (`id`) ON DELETE CASCADE ON UPDATE CASCADE,
  CONSTRAINT `detalle_comprobante_subcuenta_id_foreign` FOREIGN KEY (`subcuenta_id`) REFERENCES `pc_sub_cuenta` (`id`) ON DELETE CASCADE ON UPDATE CASCADE
) ENGINE=InnoDB AUTO_INCREMENT=525 DEFAULT CHARSET=utf8mb4 COLLATE=utf8mb4_unicode_ci;
/*!40101 SET character_set_client = @saved_cs_client */;

--
-- Dumping data for table `detalle_comprobante`
--

LOCK TABLES `detalle_comprobante` WRITE;
/*!40000 ALTER TABLE `detalle_comprobante` DISABLE KEYS */;
INSERT INTO `detalle_comprobante` VALUES (1,900000.00,0.00,1,1,'1010101001','2022-11-19 04:40:18','2022-11-19 04:40:18'),(2,0.00,900000.00,2,1,'3010101001','2022-11-19 04:40:18','2022-11-19 04:40:18'),(199,34.80,0.00,1,64,'5010102001','2022-12-04 03:06:36','2022-12-04 03:06:36'),(200,5.20,0.00,2,64,'1010202001','2022-12-04 03:06:36','2022-12-04 03:06:36'),(201,0.00,40.00,3,64,'1010101001','2022-12-04 03:06:36','2022-12-04 03:06:36'),(202,4692.78,0.00,1,65,'5010102001','2022-12-04 03:06:36','2022-12-04 03:06:36'),(203,701.22,0.00,2,65,'1010202001','2022-12-04 03:06:36','2022-12-04 03:06:36'),(204,0.00,81.78,3,65,'5010102002','2022-12-04 03:06:36','2022-12-04 03:06:36'),(205,0.00,12.22,4,65,'2010201001','2022-12-04 03:06:36','2022-12-04 03:06:36'),(206,0.00,5300.00,5,65,'1010101001','2022-12-04 03:06:36','2022-12-04 03:06:36'),(207,174.00,0.00,1,66,'5010102001','2022-12-04 03:06:36','2022-12-04 03:06:36'),(208,26.00,0.00,2,66,'1010202001','2022-12-04 03:06:36','2022-12-04 03:06:36'),(209,0.00,200.00,3,66,'1010101001','2022-12-04 03:06:36','2022-12-04 03:06:36'),(210,42.63,0.00,1,67,'5010102001','2022-12-04 03:06:36','2022-12-04 03:06:36'),(211,6.37,0.00,2,67,'1010202001','2022-12-04 03:06:36','2022-12-04 03:06:36'),(212,0.00,49.00,3,67,'1010101001','2022-12-04 03:06:36','2022-12-04 03:06:36'),(213,44.02,0.00,1,68,'5010102001','2022-12-04 03:06:36','2022-12-04 03:06:36'),(214,6.58,0.00,2,68,'1010202001','2022-12-04 03:06:36','2022-12-04 03:06:36'),(215,0.00,50.60,3,68,'1010101001','2022-12-04 03:06:36','2022-12-04 03:06:36'),(216,683.38,0.00,1,69,'5010102001','2022-12-04 03:06:36','2022-12-04 03:06:36'),(217,102.12,0.00,2,69,'1010202001','2022-12-04 03:06:36','2022-12-04 03:06:36'),(218,0.00,785.50,3,69,'1010101001','2022-12-04 03:06:36','2022-12-04 03:06:36'),(219,152.25,0.00,1,70,'5010102001','2022-12-04 03:06:36','2022-12-04 03:06:36'),(220,22.75,0.00,2,70,'1010202001','2022-12-04 03:06:36','2022-12-04 03:06:36'),(221,0.00,175.00,3,70,'1010101001','2022-12-04 03:06:36','2022-12-04 03:06:36'),(222,73.95,0.00,1,71,'5010102001','2022-12-04 03:06:36','2022-12-04 03:06:36'),(223,11.05,0.00,2,71,'1010202001','2022-12-04 03:06:36','2022-12-04 03:06:36'),(224,0.00,85.00,3,71,'1010101001','2022-12-04 03:06:36','2022-12-04 03:06:36'),(225,313.20,0.00,1,72,'5010102001','2022-12-04 03:06:36','2022-12-04 03:06:36'),(226,46.80,0.00,2,72,'1010202001','2022-12-04 03:06:36','2022-12-04 03:06:36'),(227,0.00,360.00,3,72,'1010101001','2022-12-04 03:06:36','2022-12-04 03:06:36'),(228,4496.47,0.00,1,73,'5010102001','2022-12-04 03:06:36','2022-12-04 03:06:36'),(229,671.89,0.00,2,73,'1010202001','2022-12-04 03:06:36','2022-12-04 03:06:36'),(230,0.00,5168.36,3,73,'1010101001','2022-12-04 03:06:36','2022-12-04 03:06:36'),(231,9950.61,0.00,1,74,'5020103001','2022-12-04 03:06:36','2022-12-04 03:06:36'),(232,2247.52,0.00,2,74,'5020103004','2022-12-04 03:06:36','2022-12-04 03:06:36'),(233,1486.87,0.00,3,74,'1010202001','2022-12-04 03:06:36','2022-12-04 03:06:36'),(234,0.00,13685.00,4,74,'1010101001','2022-12-04 03:06:36','2022-12-04 03:06:36'),(235,19.57,0.00,1,75,'5010102001','2022-12-04 03:06:36','2022-12-04 03:06:36'),(236,2.93,0.00,2,75,'1010202001','2022-12-04 03:06:36','2022-12-04 03:06:36'),(237,0.00,22.50,3,75,'1010101001','2022-12-04 03:06:36','2022-12-04 03:06:36'),(238,19.57,0.00,1,76,'5010102001','2022-12-04 03:06:36','2022-12-04 03:06:36'),(239,2.93,0.00,2,76,'1010202001','2022-12-04 03:06:36','2022-12-04 03:06:36'),(240,0.00,22.50,3,76,'1010101001','2022-12-04 03:06:36','2022-12-04 03:06:36'),(241,143.55,0.00,1,77,'5010102001','2022-12-04 03:06:36','2022-12-04 03:06:36'),(242,21.45,0.00,2,77,'1010202001','2022-12-04 03:06:36','2022-12-04 03:06:36'),(243,0.00,165.00,3,77,'1010101001','2022-12-04 03:06:36','2022-12-04 03:06:36'),(244,143.55,0.00,1,78,'5010102001','2022-12-04 03:06:36','2022-12-04 03:06:36'),(245,21.45,0.00,2,78,'1010202001','2022-12-04 03:06:36','2022-12-04 03:06:36'),(246,0.00,165.00,3,78,'1010101001','2022-12-04 03:06:36','2022-12-04 03:06:36'),(247,143.55,0.00,1,79,'5010102001','2022-12-04 03:06:36','2022-12-04 03:06:36'),(248,21.45,0.00,2,79,'1010202001','2022-12-04 03:06:36','2022-12-04 03:06:36'),(249,0.00,165.00,3,79,'1010101001','2022-12-04 03:06:36','2022-12-04 03:06:36'),(250,1197.00,0.00,1,80,'1010101001','2022-12-04 05:03:55','2022-12-04 05:03:55'),(251,35.91,0.00,2,80,'5020105001','2022-12-04 05:03:55','2022-12-04 05:03:55'),(252,0.00,1041.39,3,80,'4010101001','2022-12-04 05:03:55','2022-12-04 05:03:55'),(253,0.00,155.61,4,80,'2010201001','2022-12-04 05:03:55','2022-12-04 05:03:55'),(254,0.00,35.91,5,80,'2010201002','2022-12-04 05:03:55','2022-12-04 05:03:55'),(255,4050.00,0.00,1,81,'1010101001','2022-12-04 05:03:55','2022-12-04 05:03:55'),(256,121.50,0.00,2,81,'5020105001','2022-12-04 05:03:55','2022-12-04 05:03:55'),(257,0.00,3523.50,3,81,'4010101001','2022-12-04 05:03:55','2022-12-04 05:03:55'),(258,0.00,526.50,4,81,'2010201001','2022-12-04 05:03:55','2022-12-04 05:03:55'),(259,0.00,121.50,5,81,'2010201002','2022-12-04 05:03:55','2022-12-04 05:03:55'),(260,1197.00,0.00,1,82,'1010101001','2022-12-04 05:03:55','2022-12-04 05:03:55'),(261,35.91,0.00,2,82,'5020105001','2022-12-04 05:03:55','2022-12-04 05:03:55'),(262,0.00,1041.39,3,82,'4010101001','2022-12-04 05:03:55','2022-12-04 05:03:55'),(263,0.00,155.61,4,82,'2010201001','2022-12-04 05:03:55','2022-12-04 05:03:55'),(264,0.00,35.91,5,82,'2010201002','2022-12-04 05:03:55','2022-12-04 05:03:55'),(265,7014.90,0.00,1,83,'1010101001','2022-12-04 05:03:55','2022-12-04 05:03:55'),(266,210.45,0.00,2,83,'5020105001','2022-12-04 05:03:55','2022-12-04 05:03:55'),(267,0.00,6102.96,3,83,'4010101001','2022-12-04 05:03:55','2022-12-04 05:03:55'),(268,0.00,911.94,4,83,'2010201001','2022-12-04 05:03:55','2022-12-04 05:03:55'),(269,0.00,210.45,5,83,'2010201002','2022-12-04 05:03:55','2022-12-04 05:03:55'),(270,3632.80,0.00,1,84,'1010101001','2022-12-04 05:03:55','2022-12-04 05:03:55'),(271,108.98,0.00,2,84,'5020105001','2022-12-04 05:03:55','2022-12-04 05:03:55'),(272,0.00,3160.54,3,84,'4010101001','2022-12-04 05:03:55','2022-12-04 05:03:55'),(273,0.00,472.26,4,84,'2010201001','2022-12-04 05:03:55','2022-12-04 05:03:55'),(274,0.00,108.98,5,84,'2010201002','2022-12-04 05:03:55','2022-12-04 05:03:55'),(275,3015.00,0.00,1,85,'1010101001','2022-12-04 05:03:55','2022-12-04 05:03:55'),(276,90.45,0.00,2,85,'5020105001','2022-12-04 05:03:55','2022-12-04 05:03:55'),(277,0.00,2623.05,3,85,'4010101001','2022-12-04 05:03:55','2022-12-04 05:03:55'),(278,0.00,391.95,4,85,'2010201001','2022-12-04 05:03:55','2022-12-04 05:03:55'),(279,0.00,90.45,5,85,'2010201002','2022-12-04 05:03:55','2022-12-04 05:03:55'),(280,3375.00,0.00,1,86,'1010101001','2022-12-04 05:03:55','2022-12-04 05:03:55'),(281,101.25,0.00,2,86,'5020105001','2022-12-04 05:03:55','2022-12-04 05:03:55'),(282,0.00,2936.25,3,86,'4010101001','2022-12-04 05:03:55','2022-12-04 05:03:55'),(283,0.00,438.75,4,86,'2010201001','2022-12-04 05:03:55','2022-12-04 05:03:55'),(284,0.00,101.25,5,86,'2010201002','2022-12-04 05:03:55','2022-12-04 05:03:55'),(285,1197.00,0.00,1,87,'1010101001','2022-12-04 05:03:55','2022-12-04 05:03:55'),(286,35.91,0.00,2,87,'5020105001','2022-12-04 05:03:55','2022-12-04 05:03:55'),(287,0.00,1041.39,3,87,'4010101001','2022-12-04 05:03:55','2022-12-04 05:03:55'),(288,0.00,155.61,4,87,'2010201001','2022-12-04 05:03:55','2022-12-04 05:03:55'),(289,0.00,35.91,5,87,'2010201002','2022-12-04 05:03:55','2022-12-04 05:03:55'),(290,19296.00,0.00,1,88,'1010101001','2022-12-04 05:03:55','2022-12-04 05:03:55'),(291,578.88,0.00,2,88,'5020105001','2022-12-04 05:03:55','2022-12-04 05:03:55'),(292,0.00,16787.52,3,88,'4010101001','2022-12-04 05:03:55','2022-12-04 05:03:55'),(293,0.00,2508.48,4,88,'2010201001','2022-12-04 05:03:55','2022-12-04 05:03:55'),(294,0.00,578.88,5,88,'2010201002','2022-12-04 05:03:55','2022-12-04 05:03:55'),(295,2000.00,0.00,1,89,'1010101001','2022-12-04 05:03:55','2022-12-04 05:03:55'),(296,60.00,0.00,2,89,'5020105001','2022-12-04 05:03:55','2022-12-04 05:03:55'),(297,0.00,1740.00,3,89,'4010101001','2022-12-04 05:03:55','2022-12-04 05:03:55'),(298,0.00,260.00,4,89,'2010201001','2022-12-04 05:03:55','2022-12-04 05:03:55'),(299,0.00,60.00,5,89,'2010201002','2022-12-04 05:03:55','2022-12-04 05:03:55'),(300,5736.15,0.00,1,90,'1010101001','2022-12-04 05:03:55','2022-12-04 05:03:55'),(301,172.08,0.00,2,90,'5020105001','2022-12-04 05:03:55','2022-12-04 05:03:55'),(302,0.00,4990.45,3,90,'4010101001','2022-12-04 05:03:55','2022-12-04 05:03:55'),(303,0.00,745.70,4,90,'2010201001','2022-12-04 05:03:55','2022-12-04 05:03:55'),(304,0.00,172.08,5,90,'2010201002','2022-12-04 05:03:55','2022-12-04 05:03:55'),(305,2000.00,0.00,1,91,'1010101001','2022-12-04 05:03:55','2022-12-04 05:03:55'),(306,60.00,0.00,2,91,'5020105001','2022-12-04 05:03:55','2022-12-04 05:03:55'),(307,0.00,1740.00,3,91,'4010101001','2022-12-04 05:03:55','2022-12-04 05:03:55'),(308,0.00,260.00,4,91,'2010201001','2022-12-04 05:03:55','2022-12-04 05:03:55'),(309,0.00,60.00,5,91,'2010201002','2022-12-04 05:03:55','2022-12-04 05:03:55'),(310,5736.15,0.00,1,92,'1010101001','2022-12-04 05:03:55','2022-12-04 05:03:55'),(311,172.08,0.00,2,92,'5020105001','2022-12-04 05:03:55','2022-12-04 05:03:55'),(312,0.00,4990.45,3,92,'4010101001','2022-12-04 05:03:55','2022-12-04 05:03:55'),(313,0.00,745.70,4,92,'2010201001','2022-12-04 05:03:55','2022-12-04 05:03:55'),(314,0.00,172.08,5,92,'2010201002','2022-12-04 05:03:55','2022-12-04 05:03:55'),(315,3600.00,0.00,1,93,'1010101001','2022-12-04 05:03:55','2022-12-04 05:03:55'),(316,108.00,0.00,2,93,'5020105001','2022-12-04 05:03:55','2022-12-04 05:03:55'),(317,0.00,3132.00,3,93,'4010101001','2022-12-04 05:03:55','2022-12-04 05:03:55'),(318,0.00,468.00,4,93,'2010201001','2022-12-04 05:03:55','2022-12-04 05:03:55'),(319,0.00,108.00,5,93,'2010201002','2022-12-04 05:03:55','2022-12-04 05:03:55'),(320,3600.00,0.00,1,94,'1010101001','2022-12-04 05:03:55','2022-12-04 05:03:55'),(321,108.00,0.00,2,94,'5020105001','2022-12-04 05:03:55','2022-12-04 05:03:55'),(322,0.00,3132.00,3,94,'4010101001','2022-12-04 05:03:55','2022-12-04 05:03:55'),(323,0.00,468.00,4,94,'2010201001','2022-12-04 05:03:55','2022-12-04 05:03:55'),(324,0.00,108.00,5,94,'2010201002','2022-12-04 05:03:55','2022-12-04 05:03:55'),(325,9576.00,0.00,1,95,'1010101001','2022-12-04 05:03:55','2022-12-04 05:03:55'),(326,287.28,0.00,2,95,'5020105001','2022-12-04 05:03:55','2022-12-04 05:03:55'),(327,0.00,8331.12,3,95,'4010101001','2022-12-04 05:03:55','2022-12-04 05:03:55'),(328,0.00,1244.88,4,95,'2010201001','2022-12-04 05:03:55','2022-12-04 05:03:55'),(329,0.00,287.28,5,95,'2010201002','2022-12-04 05:03:55','2022-12-04 05:03:55'),(330,2401.98,0.00,1,96,'1010101001','2022-12-04 05:03:55','2022-12-04 05:03:55'),(331,72.06,0.00,2,96,'5020105001','2022-12-04 05:03:55','2022-12-04 05:03:55'),(332,0.00,2089.72,3,96,'4010101001','2022-12-04 05:03:56','2022-12-04 05:03:56'),(333,0.00,312.26,4,96,'2010201001','2022-12-04 05:03:56','2022-12-04 05:03:56'),(334,0.00,72.06,5,96,'2010201002','2022-12-04 05:03:56','2022-12-04 05:03:56'),(335,9849.00,0.00,1,97,'1010101001','2022-12-04 05:03:56','2022-12-04 05:03:56'),(336,295.47,0.00,2,97,'5020105001','2022-12-04 05:03:56','2022-12-04 05:03:56'),(337,0.00,8568.63,3,97,'4010101001','2022-12-04 05:03:56','2022-12-04 05:03:56'),(338,0.00,1280.37,4,97,'2010201001','2022-12-04 05:03:56','2022-12-04 05:03:56'),(339,0.00,295.47,5,97,'2010201002','2022-12-04 05:03:56','2022-12-04 05:03:56'),(340,9576.00,0.00,1,98,'1010101001','2022-12-04 05:03:56','2022-12-04 05:03:56'),(341,287.28,0.00,2,98,'5020105001','2022-12-04 05:03:56','2022-12-04 05:03:56'),(342,0.00,8331.12,3,98,'4010101001','2022-12-04 05:03:56','2022-12-04 05:03:56'),(343,0.00,1244.88,4,98,'2010201001','2022-12-04 05:03:56','2022-12-04 05:03:56'),(344,0.00,287.28,5,98,'2010201002','2022-12-04 05:03:56','2022-12-04 05:03:56'),(345,2401.98,0.00,1,99,'1010101001','2022-12-04 05:03:56','2022-12-04 05:03:56'),(346,72.06,0.00,2,99,'5020105001','2022-12-04 05:03:56','2022-12-04 05:03:56'),(347,0.00,2089.72,3,99,'4010101001','2022-12-04 05:03:56','2022-12-04 05:03:56'),(348,0.00,312.26,4,99,'2010201001','2022-12-04 05:03:56','2022-12-04 05:03:56'),(349,0.00,72.06,5,99,'2010201002','2022-12-04 05:03:56','2022-12-04 05:03:56'),(350,9849.00,0.00,1,100,'1010101001','2022-12-04 05:03:56','2022-12-04 05:03:56'),(351,295.47,0.00,2,100,'5020105001','2022-12-04 05:03:56','2022-12-04 05:03:56'),(352,0.00,8568.63,3,100,'4010101001','2022-12-04 05:03:56','2022-12-04 05:03:56'),(353,0.00,1280.37,4,100,'2010201001','2022-12-04 05:03:56','2022-12-04 05:03:56'),(354,0.00,295.47,5,100,'2010201002','2022-12-04 05:03:56','2022-12-04 05:03:56'),(355,3601.90,0.00,1,101,'1010101001','2022-12-04 05:03:57','2022-12-04 05:03:57'),(356,108.06,0.00,2,101,'5020105001','2022-12-04 05:03:57','2022-12-04 05:03:57'),(357,0.00,3133.65,3,101,'4010101001','2022-12-04 05:03:57','2022-12-04 05:03:57'),(358,0.00,468.25,4,101,'2010201001','2022-12-04 05:03:57','2022-12-04 05:03:57'),(359,0.00,108.06,5,101,'2010201002','2022-12-04 05:03:57','2022-12-04 05:03:57'),(360,25406.40,0.00,1,102,'1010101001','2022-12-04 05:03:57','2022-12-04 05:03:57'),(361,762.19,0.00,2,102,'5020105001','2022-12-04 05:03:57','2022-12-04 05:03:57'),(362,0.00,22103.57,3,102,'4010101001','2022-12-04 05:03:57','2022-12-04 05:03:57'),(363,0.00,3302.83,4,102,'2010201001','2022-12-04 05:03:57','2022-12-04 05:03:57'),(364,0.00,762.19,5,102,'2010201002','2022-12-04 05:03:57','2022-12-04 05:03:57'),(365,3601.90,0.00,1,103,'1010101001','2022-12-04 05:03:58','2022-12-04 05:03:58'),(366,108.06,0.00,2,103,'5020105001','2022-12-04 05:03:58','2022-12-04 05:03:58'),(367,0.00,3133.65,3,103,'4010101001','2022-12-04 05:03:58','2022-12-04 05:03:58'),(368,0.00,468.25,4,103,'2010201001','2022-12-04 05:03:58','2022-12-04 05:03:58'),(369,0.00,108.06,5,103,'2010201002','2022-12-04 05:03:58','2022-12-04 05:03:58'),(370,25406.40,0.00,1,104,'1010101001','2022-12-04 05:03:59','2022-12-04 05:03:59'),(371,762.19,0.00,2,104,'5020105001','2022-12-04 05:03:59','2022-12-04 05:03:59'),(372,0.00,22103.57,3,104,'4010101001','2022-12-04 05:03:59','2022-12-04 05:03:59'),(373,0.00,3302.83,4,104,'2010201001','2022-12-04 05:03:59','2022-12-04 05:03:59'),(374,0.00,762.19,5,104,'2010201002','2022-12-04 05:03:59','2022-12-04 05:03:59'),(375,5613.00,0.00,1,105,'1010101001','2022-12-04 05:03:59','2022-12-04 05:03:59'),(376,168.39,0.00,2,105,'5020105001','2022-12-04 05:04:00','2022-12-04 05:04:00'),(377,0.00,4883.31,3,105,'4010101001','2022-12-04 05:04:00','2022-12-04 05:04:00'),(378,0.00,729.69,4,105,'2010201001','2022-12-04 05:04:00','2022-12-04 05:04:00'),(379,0.00,168.39,5,105,'2010201002','2022-12-04 05:04:00','2022-12-04 05:04:00'),(380,900.00,0.00,1,106,'1010101001','2022-12-04 05:04:00','2022-12-04 05:04:00'),(381,27.00,0.00,2,106,'5020105001','2022-12-04 05:04:00','2022-12-04 05:04:00'),(382,0.00,783.00,3,106,'4010101001','2022-12-04 05:04:00','2022-12-04 05:04:00'),(383,0.00,117.00,4,106,'2010201001','2022-12-04 05:04:00','2022-12-04 05:04:00'),(384,0.00,27.00,5,106,'2010201002','2022-12-04 05:04:00','2022-12-04 05:04:00'),(385,5613.00,0.00,1,107,'1010101001','2022-12-04 05:04:00','2022-12-04 05:04:00'),(386,168.39,0.00,2,107,'5020105001','2022-12-04 05:04:00','2022-12-04 05:04:00'),(387,0.00,4883.31,3,107,'4010101001','2022-12-04 05:04:00','2022-12-04 05:04:00'),(388,0.00,729.69,4,107,'2010201001','2022-12-04 05:04:00','2022-12-04 05:04:00'),(389,0.00,168.39,5,107,'2010201002','2022-12-04 05:04:00','2022-12-04 05:04:00'),(390,900.00,0.00,1,108,'1010101001','2022-12-04 05:04:00','2022-12-04 05:04:00'),(391,27.00,0.00,2,108,'5020105001','2022-12-04 05:04:01','2022-12-04 05:04:01'),(392,0.00,783.00,3,108,'4010101001','2022-12-04 05:04:01','2022-12-04 05:04:01'),(393,0.00,117.00,4,108,'2010201001','2022-12-04 05:04:01','2022-12-04 05:04:01'),(394,0.00,27.00,5,108,'2010201002','2022-12-04 05:04:01','2022-12-04 05:04:01'),(395,5985.00,0.00,1,109,'1010101001','2022-12-04 05:04:01','2022-12-04 05:04:01'),(396,179.55,0.00,2,109,'5020105001','2022-12-04 05:04:01','2022-12-04 05:04:01'),(397,0.00,5206.95,3,109,'4010101001','2022-12-04 05:04:01','2022-12-04 05:04:01'),(398,0.00,778.05,4,109,'2010201001','2022-12-04 05:04:01','2022-12-04 05:04:01'),(399,0.00,179.55,5,109,'2010201002','2022-12-04 05:04:01','2022-12-04 05:04:01'),(400,119.70,0.00,1,110,'1010101001','2022-12-04 05:04:01','2022-12-04 05:04:01'),(401,3.59,0.00,2,110,'5020105001','2022-12-04 05:04:01','2022-12-04 05:04:01'),(402,0.00,104.14,3,110,'4010101001','2022-12-04 05:04:01','2022-12-04 05:04:01'),(403,0.00,15.56,4,110,'2010201001','2022-12-04 05:04:01','2022-12-04 05:04:01'),(404,0.00,3.59,5,110,'2010201002','2022-12-04 05:04:01','2022-12-04 05:04:01'),(405,5985.00,0.00,1,111,'1010101001','2022-12-04 05:04:01','2022-12-04 05:04:01'),(406,179.55,0.00,2,111,'5020105001','2022-12-04 05:04:01','2022-12-04 05:04:01'),(407,0.00,5206.95,3,111,'4010101001','2022-12-04 05:04:01','2022-12-04 05:04:01'),(408,0.00,778.05,4,111,'2010201001','2022-12-04 05:04:01','2022-12-04 05:04:01'),(409,0.00,179.55,5,111,'2010201002','2022-12-04 05:04:01','2022-12-04 05:04:01'),(410,119.70,0.00,1,112,'1010101001','2022-12-04 05:04:01','2022-12-04 05:04:01'),(411,3.59,0.00,2,112,'5020105001','2022-12-04 05:04:01','2022-12-04 05:04:01'),(412,0.00,104.14,3,112,'4010101001','2022-12-04 05:04:01','2022-12-04 05:04:01'),(413,0.00,15.56,4,112,'2010201001','2022-12-04 05:04:01','2022-12-04 05:04:01'),(414,0.00,3.59,5,112,'2010201002','2022-12-04 05:04:01','2022-12-04 05:04:01'),(415,20250.00,0.00,1,113,'1010101001','2022-12-04 05:04:01','2022-12-04 05:04:01'),(416,607.50,0.00,2,113,'5020105001','2022-12-04 05:04:01','2022-12-04 05:04:01'),(417,0.00,17617.50,3,113,'4010101001','2022-12-04 05:04:02','2022-12-04 05:04:02'),(418,0.00,2632.50,4,113,'2010201001','2022-12-04 05:04:02','2022-12-04 05:04:02'),(419,0.00,607.50,5,113,'2010201002','2022-12-04 05:04:02','2022-12-04 05:04:02'),(420,2222.00,0.00,1,114,'1010101001','2022-12-04 05:04:02','2022-12-04 05:04:02'),(421,66.66,0.00,2,114,'5020105001','2022-12-04 05:04:02','2022-12-04 05:04:02'),(422,0.00,1933.14,3,114,'4010101001','2022-12-04 05:04:02','2022-12-04 05:04:02'),(423,0.00,288.86,4,114,'2010201001','2022-12-04 05:04:03','2022-12-04 05:04:03'),(424,0.00,66.66,5,114,'2010201002','2022-12-04 05:04:03','2022-12-04 05:04:03'),(425,8019.90,0.00,1,115,'1010101001','2022-12-04 05:04:03','2022-12-04 05:04:03'),(426,240.60,0.00,2,115,'5020105001','2022-12-04 05:04:03','2022-12-04 05:04:03'),(427,0.00,6977.31,3,115,'4010101001','2022-12-04 05:04:03','2022-12-04 05:04:03'),(428,0.00,1042.59,4,115,'2010201001','2022-12-04 05:04:03','2022-12-04 05:04:03'),(429,0.00,240.60,5,115,'2010201002','2022-12-04 05:04:04','2022-12-04 05:04:04'),(430,450.00,0.00,1,116,'1010101001','2022-12-04 05:04:04','2022-12-04 05:04:04'),(431,13.50,0.00,2,116,'5020105001','2022-12-04 05:04:04','2022-12-04 05:04:04'),(432,0.00,391.50,3,116,'4010101001','2022-12-04 05:04:04','2022-12-04 05:04:04'),(433,0.00,58.50,4,116,'2010201001','2022-12-04 05:04:04','2022-12-04 05:04:04'),(434,0.00,13.50,5,116,'2010201002','2022-12-04 05:04:04','2022-12-04 05:04:04'),(435,720.00,0.00,1,117,'1010101001','2022-12-04 05:04:04','2022-12-04 05:04:04'),(436,21.60,0.00,2,117,'5020105001','2022-12-04 05:04:04','2022-12-04 05:04:04'),(437,0.00,626.40,3,117,'4010101001','2022-12-04 05:04:04','2022-12-04 05:04:04'),(438,0.00,93.60,4,117,'2010201001','2022-12-04 05:04:04','2022-12-04 05:04:04'),(439,0.00,21.60,5,117,'2010201002','2022-12-04 05:04:04','2022-12-04 05:04:04'),(440,182.10,0.00,1,118,'1010101001','2022-12-04 05:04:04','2022-12-04 05:04:04'),(441,5.46,0.00,2,118,'5020105001','2022-12-04 05:04:04','2022-12-04 05:04:04'),(442,0.00,158.43,3,118,'4010101001','2022-12-04 05:04:04','2022-12-04 05:04:04'),(443,0.00,23.67,4,118,'2010201001','2022-12-04 05:04:04','2022-12-04 05:04:04'),(444,0.00,5.46,5,118,'2010201002','2022-12-04 05:04:04','2022-12-04 05:04:04'),(445,603.00,0.00,1,119,'1010101001','2022-12-04 05:04:04','2022-12-04 05:04:04'),(446,18.09,0.00,2,119,'5020105001','2022-12-04 05:04:04','2022-12-04 05:04:04'),(447,0.00,524.61,3,119,'4010101001','2022-12-04 05:04:04','2022-12-04 05:04:04'),(448,0.00,78.39,4,119,'2010201001','2022-12-04 05:04:04','2022-12-04 05:04:04'),(449,0.00,18.09,5,119,'2010201002','2022-12-04 05:04:04','2022-12-04 05:04:04'),(450,5280.00,0.00,1,120,'1010101001','2022-12-04 06:00:48','2022-12-04 06:00:48'),(451,158.40,0.00,2,120,'5020105001','2022-12-04 06:00:48','2022-12-04 06:00:48'),(452,0.00,4593.60,3,120,'4010101001','2022-12-04 06:00:48','2022-12-04 06:00:48'),(453,0.00,686.40,4,120,'2010201001','2022-12-04 06:00:48','2022-12-04 06:00:48'),(454,0.00,158.40,5,120,'2010201002','2022-12-04 06:00:48','2022-12-04 06:00:48'),(455,1434.00,0.00,1,121,'1010101001','2022-12-04 06:00:48','2022-12-04 06:00:48'),(456,900.00,0.00,1,122,'1010101001','2022-12-04 06:16:18','2022-12-04 06:16:18'),(457,27.00,0.00,2,122,'5020105001','2022-12-04 06:16:18','2022-12-04 06:16:18'),(458,0.00,783.00,3,122,'4010101001','2022-12-04 06:16:18','2022-12-04 06:16:18'),(459,0.00,117.00,4,122,'2010201001','2022-12-04 06:16:18','2022-12-04 06:16:18'),(460,0.00,27.00,5,122,'2010201002','2022-12-04 06:16:18','2022-12-04 06:16:18'),(461,5280.00,0.00,1,123,'1010101001','2022-12-04 06:16:18','2022-12-04 06:16:18'),(462,158.40,0.00,2,123,'5020105001','2022-12-04 06:16:18','2022-12-04 06:16:18'),(463,0.00,4593.60,3,123,'4010101001','2022-12-04 06:16:18','2022-12-04 06:16:18'),(464,0.00,686.40,4,123,'2010201001','2022-12-04 06:16:18','2022-12-04 06:16:18'),(465,0.00,158.40,5,123,'2010201002','2022-12-04 06:16:18','2022-12-04 06:16:18'),(466,1434.00,0.00,1,124,'1010101001','2022-12-04 06:16:18','2022-12-04 06:16:18'),(467,29.58,0.00,1,124,'4010101002','2022-12-04 06:16:18','2022-12-04 06:16:18'),(468,4.42,0.00,1,124,'1010202001','2022-12-04 06:16:18','2022-12-04 06:16:18'),(469,43.02,0.00,2,124,'5020105001','2022-12-04 06:16:18','2022-12-04 06:16:18'),(470,0.00,1247.58,3,124,'4010101001','2022-12-04 06:16:18','2022-12-04 06:16:18'),(471,0.00,186.42,4,124,'2010201001','2022-12-04 06:16:18','2022-12-04 06:16:18'),(472,0.00,43.02,5,124,'2010201002','2022-12-04 06:16:18','2022-12-04 06:16:18'),(473,3618.00,0.00,1,125,'1010101001','2022-12-04 06:16:18','2022-12-04 06:16:18'),(474,108.54,0.00,2,125,'5020105001','2022-12-04 06:16:18','2022-12-04 06:16:18'),(475,0.00,3147.66,3,125,'4010101001','2022-12-04 06:16:18','2022-12-04 06:16:18'),(476,0.00,470.34,4,125,'2010201001','2022-12-04 06:16:18','2022-12-04 06:16:18'),(477,0.00,108.54,5,125,'2010201002','2022-12-04 06:16:18','2022-12-04 06:16:18'),(478,3618.00,0.00,1,126,'1010101001','2022-12-04 06:16:18','2022-12-04 06:16:18'),(479,108.54,0.00,2,126,'5020105001','2022-12-04 06:16:18','2022-12-04 06:16:18'),(480,0.00,3147.66,3,126,'4010101001','2022-12-04 06:16:18','2022-12-04 06:16:18'),(481,0.00,470.34,4,126,'2010201001','2022-12-04 06:16:18','2022-12-04 06:16:18'),(482,0.00,108.54,5,126,'2010201002','2022-12-04 06:16:18','2022-12-04 06:16:18'),(483,2913.60,0.00,1,127,'1010101001','2022-12-04 06:16:18','2022-12-04 06:16:18'),(484,87.41,0.00,2,127,'5020105001','2022-12-04 06:16:18','2022-12-04 06:16:18'),(485,0.00,2534.83,3,127,'4010101001','2022-12-04 06:16:18','2022-12-04 06:16:18'),(486,0.00,378.77,4,127,'2010201001','2022-12-04 06:16:18','2022-12-04 06:16:18'),(487,0.00,87.41,5,127,'2010201002','2022-12-04 06:16:18','2022-12-04 06:16:18'),(488,15075.00,0.00,1,128,'1010101001','2022-12-04 06:16:18','2022-12-04 06:16:18'),(489,452.25,0.00,2,128,'5020105001','2022-12-04 06:16:18','2022-12-04 06:16:18'),(490,0.00,13115.25,3,128,'4010101001','2022-12-04 06:16:18','2022-12-04 06:16:18'),(491,0.00,1959.75,4,128,'2010201001','2022-12-04 06:16:18','2022-12-04 06:16:18'),(492,0.00,452.25,5,128,'2010201002','2022-12-04 06:16:18','2022-12-04 06:16:18'),(493,1683.90,0.00,1,129,'1010101001','2022-12-04 06:16:18','2022-12-04 06:16:18'),(494,50.52,0.00,2,129,'5020105001','2022-12-04 06:16:18','2022-12-04 06:16:18'),(495,0.00,1464.99,3,129,'4010101001','2022-12-04 06:16:18','2022-12-04 06:16:18'),(496,0.00,218.91,4,129,'2010201001','2022-12-04 06:16:18','2022-12-04 06:16:18'),(497,0.00,50.52,5,129,'2010201002','2022-12-04 06:16:18','2022-12-04 06:16:18'),(498,60.30,0.00,1,130,'1010101001','2022-12-04 06:16:18','2022-12-04 06:16:18'),(499,1.81,0.00,2,130,'5020105001','2022-12-04 06:16:18','2022-12-04 06:16:18'),(500,0.00,52.46,3,130,'4010101001','2022-12-04 06:16:18','2022-12-04 06:16:18'),(501,0.00,7.84,4,130,'2010201001','2022-12-04 06:16:18','2022-12-04 06:16:18'),(502,0.00,1.81,5,130,'2010201002','2022-12-04 06:16:18','2022-12-04 06:16:18'),(503,4050.00,0.00,1,131,'1010101001','2022-12-04 06:16:18','2022-12-04 06:16:18'),(504,121.50,0.00,2,131,'5020105001','2022-12-04 06:16:18','2022-12-04 06:16:18'),(505,0.00,3523.50,3,131,'4010101001','2022-12-04 06:16:18','2022-12-04 06:16:18'),(506,0.00,526.50,4,131,'2010201001','2022-12-04 06:16:18','2022-12-04 06:16:18'),(507,0.00,121.50,5,131,'2010201002','2022-12-04 06:16:18','2022-12-04 06:16:18'),(508,1080.00,0.00,1,132,'1010101001','2022-12-04 06:16:18','2022-12-04 06:16:18'),(509,32.40,0.00,2,132,'5020105001','2022-12-04 06:16:18','2022-12-04 06:16:18'),(510,0.00,939.60,3,132,'4010101001','2022-12-04 06:16:18','2022-12-04 06:16:18'),(511,0.00,140.40,4,132,'2010201001','2022-12-04 06:16:18','2022-12-04 06:16:18'),(512,0.00,32.40,5,132,'2010201002','2022-12-04 06:16:18','2022-12-04 06:16:18'),(513,1080.00,0.00,1,133,'1010101001','2022-12-04 06:16:18','2022-12-04 06:16:18'),(514,32.40,0.00,2,133,'5020105001','2022-12-04 06:16:18','2022-12-04 06:16:18'),(515,0.00,939.60,3,133,'4010101001','2022-12-04 06:16:18','2022-12-04 06:16:18'),(516,0.00,140.40,4,133,'2010201001','2022-12-04 06:16:18','2022-12-04 06:16:18'),(517,0.00,32.40,5,133,'2010201002','2022-12-04 06:16:18','2022-12-04 06:16:18'),(518,1400.00,0.00,1,134,'1010101001','2022-12-04 06:25:26','2022-12-04 06:25:26'),(519,29.58,0.00,1,134,'4010101002','2022-12-04 06:25:26','2022-12-04 06:25:26'),(520,4.42,0.00,1,134,'1010202001','2022-12-04 06:25:26','2022-12-04 06:25:26'),(521,43.02,0.00,2,134,'5020105001','2022-12-04 06:25:26','2022-12-04 06:25:26'),(522,0.00,1247.58,3,134,'4010101001','2022-12-04 06:25:26','2022-12-04 06:25:26'),(523,0.00,186.42,4,134,'2010201001','2022-12-04 06:25:26','2022-12-04 06:25:26'),(524,0.00,43.02,5,134,'2010201002','2022-12-04 06:25:26','2022-12-04 06:25:26');
/*!40000 ALTER TABLE `detalle_comprobante` ENABLE KEYS */;
UNLOCK TABLES;

--
-- Table structure for table `ejercicios`
--

DROP TABLE IF EXISTS `ejercicios`;
/*!40101 SET @saved_cs_client     = @@character_set_client */;
/*!40101 SET character_set_client = utf8 */;
CREATE TABLE `ejercicios` (
  `id` bigint(20) unsigned NOT NULL AUTO_INCREMENT,
  `fechaInicio` date NOT NULL,
  `fechaCierre` date NOT NULL,
  `ejercicioFiscal` int(11) NOT NULL,
  `estado` tinyint(1) DEFAULT 1,
  `empresa_id` bigint(20) unsigned NOT NULL,
  `created_at` timestamp NULL DEFAULT NULL,
  `updated_at` timestamp NULL DEFAULT NULL,
  PRIMARY KEY (`id`),
  KEY `ejercicios_empresa_id_foreign` (`empresa_id`),
  CONSTRAINT `ejercicios_empresa_id_foreign` FOREIGN KEY (`empresa_id`) REFERENCES `empresas` (`id`) ON DELETE CASCADE ON UPDATE CASCADE
) ENGINE=InnoDB AUTO_INCREMENT=5 DEFAULT CHARSET=utf8mb4 COLLATE=utf8mb4_unicode_ci;
/*!40101 SET character_set_client = @saved_cs_client */;

--
-- Dumping data for table `ejercicios`
--

LOCK TABLES `ejercicios` WRITE;
/*!40000 ALTER TABLE `ejercicios` DISABLE KEYS */;
INSERT INTO `ejercicios` VALUES (1,'2022-01-01','2022-12-31',2022,1,1,'2022-11-19 03:06:09','2022-11-19 03:06:09'),(2,'2022-01-01','2022-12-31',2022,1,2,'2022-11-26 13:57:29','2022-11-26 14:03:14'),(3,'2022-01-01','2022-12-31',2022,1,3,'2022-11-26 14:08:10','2022-11-26 14:08:10'),(4,'2021-01-01','2021-12-31',2021,1,2,'2022-12-01 20:26:59','2022-12-01 20:26:59');
/*!40000 ALTER TABLE `ejercicios` ENABLE KEYS */;
UNLOCK TABLES;

--
-- Table structure for table `empresas`
--

DROP TABLE IF EXISTS `empresas`;
/*!40101 SET @saved_cs_client     = @@character_set_client */;
/*!40101 SET character_set_client = utf8 */;
CREATE TABLE `empresas` (
  `id` bigint(20) unsigned NOT NULL AUTO_INCREMENT,
  `nit` varchar(20) COLLATE utf8mb4_unicode_ci NOT NULL,
  `denominacionSocial` varchar(150) COLLATE utf8mb4_unicode_ci NOT NULL,
  `sociedadTipo` varchar(70) COLLATE utf8mb4_unicode_ci NOT NULL,
  `actividad` text COLLATE utf8mb4_unicode_ci DEFAULT NULL,
  `representanteLegal` varchar(50) COLLATE utf8mb4_unicode_ci NOT NULL,
  `ci` varchar(20) COLLATE utf8mb4_unicode_ci NOT NULL,
  `complemento` varchar(5) COLLATE utf8mb4_unicode_ci DEFAULT NULL,
  `extension` varchar(3) COLLATE utf8mb4_unicode_ci NOT NULL,
  `celular` varchar(10) COLLATE utf8mb4_unicode_ci DEFAULT NULL,
  `correo` varchar(50) COLLATE utf8mb4_unicode_ci DEFAULT NULL,
  `clasificacion` varchar(15) COLLATE utf8mb4_unicode_ci DEFAULT NULL,
  `rutaNit` varchar(191) COLLATE utf8mb4_unicode_ci DEFAULT NULL,
  `rutaCertInscripcion` varchar(191) COLLATE utf8mb4_unicode_ci DEFAULT NULL,
  `rutaMatricula` varchar(191) COLLATE utf8mb4_unicode_ci DEFAULT NULL,
  `rutaRoe` varchar(191) COLLATE utf8mb4_unicode_ci DEFAULT NULL,
  `estado` tinyint(1) DEFAULT 1,
  `created_at` timestamp NULL DEFAULT NULL,
  `updated_at` timestamp NULL DEFAULT NULL,
  PRIMARY KEY (`id`),
  UNIQUE KEY `empresas_nit_unique` (`nit`)
) ENGINE=InnoDB AUTO_INCREMENT=4 DEFAULT CHARSET=utf8mb4 COLLATE=utf8mb4_unicode_ci;
/*!40101 SET character_set_client = @saved_cs_client */;

--
-- Dumping data for table `empresas`
--

LOCK TABLES `empresas` WRITE;
/*!40000 ALTER TABLE `empresas` DISABLE KEYS */;
INSERT INTO `empresas` VALUES (1,'10226843026','COMERCIALIZADORA ARCO S.R.L.','SOCIEDAD DE RESPONSABILIDAD LIMITADA','VENTA DE TELAS','ROBERTO ASBUN','3251425',NULL,'SC','68087958','arco1026@gmail.com','COMERCIAL',NULL,NULL,NULL,NULL,1,'2022-11-19 03:05:04','2022-11-27 02:07:18'),(2,'357350020','EXSFO CONTINENTAL DE TELECOMUNICACIONES S.R.L. sfdsadf sfdfsd dfsdfdfdsfdsfsdd dsfdsfdfds aweqwewqewq ewewe','SOCIEDAD DE RESPONSABILIDAD LIMITADA','SERVICIOS DE TELECOMUNICACIONES','DAVID CARLOS ROJAS CHUQUIMIA','35758345',NULL,'LP','68087958','exsfo@gmail.com','COMERCIAL','20221126095631-nit357350020.pdf',NULL,NULL,NULL,1,'2022-11-26 13:53:23','2022-12-03 16:46:55'),(3,'3784225010','NANCY POZO AGUILAR DE CONTRERAS','EMPRESA UNIPERSONAL','VENTA DE ACEITES LUBRICANTES','NANCY POZO AGUILAR DE CONTRERAS','3784225',NULL,'LP','69708711','nancy_5645@gmail.com','COMERCIAL',NULL,NULL,NULL,NULL,1,'2022-11-26 14:07:01','2022-11-26 14:07:01');
/*!40000 ALTER TABLE `empresas` ENABLE KEYS */;
UNLOCK TABLES;

--
-- Table structure for table `failed_jobs`
--

DROP TABLE IF EXISTS `failed_jobs`;
/*!40101 SET @saved_cs_client     = @@character_set_client */;
/*!40101 SET character_set_client = utf8 */;
CREATE TABLE `failed_jobs` (
  `id` bigint(20) unsigned NOT NULL AUTO_INCREMENT,
  `uuid` varchar(191) COLLATE utf8mb4_unicode_ci NOT NULL,
  `connection` text COLLATE utf8mb4_unicode_ci NOT NULL,
  `queue` text COLLATE utf8mb4_unicode_ci NOT NULL,
  `payload` longtext COLLATE utf8mb4_unicode_ci NOT NULL,
  `exception` longtext COLLATE utf8mb4_unicode_ci NOT NULL,
  `failed_at` timestamp NOT NULL DEFAULT current_timestamp(),
  PRIMARY KEY (`id`),
  UNIQUE KEY `failed_jobs_uuid_unique` (`uuid`)
) ENGINE=InnoDB DEFAULT CHARSET=utf8mb4 COLLATE=utf8mb4_unicode_ci;
/*!40101 SET character_set_client = @saved_cs_client */;

--
-- Dumping data for table `failed_jobs`
--

LOCK TABLES `failed_jobs` WRITE;
/*!40000 ALTER TABLE `failed_jobs` DISABLE KEYS */;
/*!40000 ALTER TABLE `failed_jobs` ENABLE KEYS */;
UNLOCK TABLES;

--
-- Table structure for table `migrations`
--

DROP TABLE IF EXISTS `migrations`;
/*!40101 SET @saved_cs_client     = @@character_set_client */;
/*!40101 SET character_set_client = utf8 */;
CREATE TABLE `migrations` (
  `id` int(10) unsigned NOT NULL AUTO_INCREMENT,
  `migration` varchar(191) COLLATE utf8mb4_unicode_ci NOT NULL,
  `batch` int(11) NOT NULL,
  PRIMARY KEY (`id`)
) ENGINE=InnoDB AUTO_INCREMENT=35 DEFAULT CHARSET=utf8mb4 COLLATE=utf8mb4_unicode_ci;
/*!40101 SET character_set_client = @saved_cs_client */;

--
-- Dumping data for table `migrations`
--

LOCK TABLES `migrations` WRITE;
/*!40000 ALTER TABLE `migrations` DISABLE KEYS */;
INSERT INTO `migrations` VALUES (1,'2014_10_12_000000_create_temas_table',1),(2,'2014_10_12_000000_create_users_table',1),(3,'2014_10_12_100000_create_password_resets_table',1),(4,'2014_10_12_200000_add_two_factor_columns_to_users_table',1),(5,'2019_08_19_000000_create_failed_jobs_table',1),(6,'2019_12_14_000001_create_personal_access_tokens_table',1),(7,'2020_05_21_100000_create_teams_table',1),(8,'2020_05_21_200000_create_team_user_table',1),(9,'2020_05_21_300000_create_team_invitations_table',1),(10,'2022_06_28_135337_create_sessions_table',1),(11,'2022_06_30_163427_create_empresas_table',1),(12,'2022_07_01_133132_create_sucursals_table',1),(13,'2022_07_01_235050_create_ejercicios_table',1),(15,'2022_09_04_033143_create_configuracion_sistema_table',1),(16,'2022_09_25_005313_create_rubros_table',1),(17,'2022_09_25_200220_create_activos_fijos_table',1),(18,'2022_10_07_212425_create_depreciaciones_table',1),(19,'2022_10_10_145640_create_tipos_de_cambio',1),(20,'2022_10_21_051456_create_tipos_de_comprobante_table',1),(21,'2022_10_21_212125_create_comprobantes_table',1),(22,'2022_10_21_222313_create_pc_tipo_table',1),(23,'2022_10_24_014929_create_pc_partida_contable_table',1),(24,'2022_10_24_020120_create_pc_grupo_table',1),(25,'2022_10_24_030251_create_pc_sub_grupo_table',1),(26,'2022_10_24_032505_create_pc_cuenta_table',1),(27,'2022_10_24_032739_create_pc_sub_cuenta_table',1),(28,'2022_10_29_040758_create_detalle_comprobante_table',1),(31,'2022_11_18_212907_create_cuentas_defaults_table',2),(32,'2022_07_31_065557_create_compras_table',3),(34,'2022_11_03_015752_create_ventas_table',4);
/*!40000 ALTER TABLE `migrations` ENABLE KEYS */;
UNLOCK TABLES;

--
-- Table structure for table `password_resets`
--

DROP TABLE IF EXISTS `password_resets`;
/*!40101 SET @saved_cs_client     = @@character_set_client */;
/*!40101 SET character_set_client = utf8 */;
CREATE TABLE `password_resets` (
  `email` varchar(191) COLLATE utf8mb4_unicode_ci NOT NULL,
  `token` varchar(191) COLLATE utf8mb4_unicode_ci NOT NULL,
  `created_at` timestamp NULL DEFAULT NULL,
  KEY `password_resets_email_index` (`email`)
) ENGINE=InnoDB DEFAULT CHARSET=utf8mb4 COLLATE=utf8mb4_unicode_ci;
/*!40101 SET character_set_client = @saved_cs_client */;

--
-- Dumping data for table `password_resets`
--

LOCK TABLES `password_resets` WRITE;
/*!40000 ALTER TABLE `password_resets` DISABLE KEYS */;
INSERT INTO `password_resets` VALUES ('machicadocruzjose@gmail.com','$2y$10$OM299tXMwLkFMGCrKy1A7ul9yVgeeVhKGJWt5YMUVTQYZzNTB3.0S','2022-11-20 16:34:05');
/*!40000 ALTER TABLE `password_resets` ENABLE KEYS */;
UNLOCK TABLES;

--
-- Table structure for table `pc_cuenta`
--

DROP TABLE IF EXISTS `pc_cuenta`;
/*!40101 SET @saved_cs_client     = @@character_set_client */;
/*!40101 SET character_set_client = utf8 */;
CREATE TABLE `pc_cuenta` (
  `id` varchar(15) COLLATE utf8mb4_unicode_ci NOT NULL,
  `codigo_partida` varchar(15) COLLATE utf8mb4_unicode_ci NOT NULL,
  `subGrupo_id` varchar(15) COLLATE utf8mb4_unicode_ci NOT NULL,
  `created_at` timestamp NULL DEFAULT NULL,
  `updated_at` timestamp NULL DEFAULT NULL,
  PRIMARY KEY (`id`),
  KEY `pc_cuenta_codigo_partida_foreign` (`codigo_partida`),
  KEY `pc_cuenta_subgrupo_id_foreign` (`subGrupo_id`),
  CONSTRAINT `pc_cuenta_codigo_partida_foreign` FOREIGN KEY (`codigo_partida`) REFERENCES `pc_partida_contable` (`codigo`) ON DELETE CASCADE ON UPDATE CASCADE,
  CONSTRAINT `pc_cuenta_subgrupo_id_foreign` FOREIGN KEY (`subGrupo_id`) REFERENCES `pc_sub_grupo` (`id`) ON DELETE CASCADE ON UPDATE CASCADE
) ENGINE=InnoDB DEFAULT CHARSET=utf8mb4 COLLATE=utf8mb4_unicode_ci;
/*!40101 SET character_set_client = @saved_cs_client */;

--
-- Dumping data for table `pc_cuenta`
--

LOCK TABLES `pc_cuenta` WRITE;
/*!40000 ALTER TABLE `pc_cuenta` DISABLE KEYS */;
INSERT INTO `pc_cuenta` VALUES ('1010101','1010101','10101',NULL,NULL),('1010102','1010102','10101',NULL,NULL),('1010201','1010201','10102',NULL,NULL),('1010202','1010202','10102',NULL,NULL),('1010301','1010301','10103',NULL,NULL),('1020101','1020101','10201',NULL,NULL),('1020102','1020102','10201',NULL,NULL),('1020103','1020103','10201',NULL,NULL),('1020104','1020104','10201',NULL,NULL),('1020105','1020105','10201',NULL,NULL),('1020106','1020106','10201',NULL,NULL),('1020107','1020107','10201',NULL,NULL),('1020108','1020108','10201',NULL,NULL),('1020201','1020201','10202',NULL,NULL),('2010101','2010101','20101',NULL,NULL),('2010201','2010201','20102',NULL,NULL),('2010301','2010301','20103',NULL,NULL),('2010302','2010302','20103',NULL,NULL),('2010303','2010303','20103',NULL,NULL),('2020101','2020101','20201',NULL,NULL),('3010101','3010101','30101',NULL,NULL),('4010101','4010101','40101',NULL,NULL),('4010201','4010201','40102',NULL,NULL),('5010101','5010101','50101',NULL,NULL),('5010102','5010102','50101',NULL,NULL),('5020101','5020101','50201',NULL,NULL),('5020102','5020102','50201',NULL,NULL),('5020103','5020103','50201',NULL,NULL),('5020104','5020104','50201',NULL,NULL),('5020105','5020105','50201',NULL,NULL),('5020106','5020106','50201',NULL,NULL),('5020107','5020107','50201',NULL,NULL),('5030101','5030101','50301',NULL,NULL);
/*!40000 ALTER TABLE `pc_cuenta` ENABLE KEYS */;
UNLOCK TABLES;

--
-- Table structure for table `pc_grupo`
--

DROP TABLE IF EXISTS `pc_grupo`;
/*!40101 SET @saved_cs_client     = @@character_set_client */;
/*!40101 SET character_set_client = utf8 */;
CREATE TABLE `pc_grupo` (
  `id` varchar(15) COLLATE utf8mb4_unicode_ci NOT NULL,
  `codigo_partida` varchar(15) COLLATE utf8mb4_unicode_ci NOT NULL,
  `created_at` timestamp NULL DEFAULT NULL,
  `updated_at` timestamp NULL DEFAULT NULL,
  PRIMARY KEY (`id`),
  KEY `pc_grupo_codigo_partida_foreign` (`codigo_partida`),
  CONSTRAINT `pc_grupo_codigo_partida_foreign` FOREIGN KEY (`codigo_partida`) REFERENCES `pc_partida_contable` (`codigo`) ON DELETE CASCADE ON UPDATE CASCADE
) ENGINE=InnoDB DEFAULT CHARSET=utf8mb4 COLLATE=utf8mb4_unicode_ci;
/*!40101 SET character_set_client = @saved_cs_client */;

--
-- Dumping data for table `pc_grupo`
--

LOCK TABLES `pc_grupo` WRITE;
/*!40000 ALTER TABLE `pc_grupo` DISABLE KEYS */;
INSERT INTO `pc_grupo` VALUES ('101','101',NULL,NULL),('102','102',NULL,NULL),('201','201',NULL,NULL),('202','202',NULL,NULL),('301','301',NULL,NULL),('401','401',NULL,NULL),('501','501',NULL,NULL),('502','502',NULL,NULL),('503','503',NULL,NULL);
/*!40000 ALTER TABLE `pc_grupo` ENABLE KEYS */;
UNLOCK TABLES;

--
-- Table structure for table `pc_partida_contable`
--

DROP TABLE IF EXISTS `pc_partida_contable`;
/*!40101 SET @saved_cs_client     = @@character_set_client */;
/*!40101 SET character_set_client = utf8 */;
CREATE TABLE `pc_partida_contable` (
  `codigo` varchar(15) COLLATE utf8mb4_unicode_ci NOT NULL,
  `descripcion` varchar(100) COLLATE utf8mb4_unicode_ci DEFAULT NULL,
  `nivel` int(10) unsigned NOT NULL,
  `correlativo` int(10) unsigned NOT NULL,
  `estado` tinyint(1) DEFAULT 1,
  `tipo_id` bigint(20) unsigned NOT NULL,
  `created_at` timestamp NULL DEFAULT NULL,
  `updated_at` timestamp NULL DEFAULT NULL,
  PRIMARY KEY (`codigo`),
  KEY `pc_partida_contable_tipo_id_foreign` (`tipo_id`),
  CONSTRAINT `pc_partida_contable_tipo_id_foreign` FOREIGN KEY (`tipo_id`) REFERENCES `pc_tipo` (`id`) ON DELETE CASCADE ON UPDATE CASCADE
) ENGINE=InnoDB DEFAULT CHARSET=utf8mb4 COLLATE=utf8mb4_unicode_ci;
/*!40101 SET character_set_client = @saved_cs_client */;

--
-- Dumping data for table `pc_partida_contable`
--

LOCK TABLES `pc_partida_contable` WRITE;
/*!40000 ALTER TABLE `pc_partida_contable` DISABLE KEYS */;
INSERT INTO `pc_partida_contable` VALUES ('101','ACTIVO CORRIENTE',2,1,1,1,NULL,NULL),('10101','DISPONIBLE',3,1,1,1,NULL,NULL),('1010101','CAJA',4,1,1,1,NULL,NULL),('1010101001','Caja Moneda Nacional',5,1,1,1,NULL,NULL),('1010101002','Caja Moneda Extranjera',5,2,1,1,NULL,NULL),('1010102','BANCOS',4,2,1,1,NULL,NULL),('1010102001','Banco Bisa Mn',5,1,1,1,NULL,NULL),('1010102002','Banco Bisa Me',5,2,1,1,NULL,NULL),('10102','CREDITOS O EXIGIBLE',3,2,1,1,NULL,NULL),('1010201','CUENTAS POR COBRAR',4,1,1,1,NULL,NULL),('1010201001','Cuentas Por Cobrar',5,1,1,1,NULL,NULL),('1010202','IMPUESTOS ANTICIPADOS',4,2,1,1,NULL,NULL),('1010202001','Credito Fiscal Iva',5,1,1,1,NULL,NULL),('1010202002','Iue Por Compensar',5,2,1,1,NULL,NULL),('10103','BIENES DE CAMBIO O REALIZABLE',3,3,1,1,NULL,NULL),('1010301','INVENTARIOS',4,1,1,1,NULL,NULL),('1010301001','Inventarios',5,1,1,1,NULL,NULL),('102','ACTIVO NO CORRIENTE',2,2,1,1,NULL,NULL),('10201','BIENES DE USO',3,1,1,1,NULL,NULL),('1020101','MUEBLES Y ENSERES',4,1,1,1,NULL,NULL),('1020101001','Muebles Y Enseres',5,1,1,1,NULL,NULL),('1020101002','Depreciacion Acum. Muebles Y Enseres',5,2,1,1,NULL,NULL),('1020102','EQUIPO DE COMPUTACION',4,2,1,1,NULL,NULL),('1020102001','Equipo De Computacion',5,1,1,1,NULL,NULL),('1020102002','Depreciacion Acum. Equipo De Computacion',5,2,1,1,NULL,NULL),('1020103','VEHICULOS',4,3,1,1,'2022-11-19 14:32:22','2022-11-19 14:32:22'),('1020103001','Vehiculos',5,1,1,1,'2022-11-19 14:32:56','2022-11-28 21:18:40'),('1020103002','Depreciacion Acum. Vehiculos',5,2,1,1,'2022-11-28 20:20:09','2022-11-28 20:20:09'),('1020104','EDIFICACIONES',4,4,1,1,'2022-11-28 20:20:41','2022-11-28 20:20:41'),('1020104001','Edificios',5,1,1,1,'2022-11-28 20:21:18','2022-11-28 20:21:18'),('1020104002','Depreciacion Acum. Edificios',5,2,1,1,'2022-11-28 20:21:47','2022-11-28 20:21:47'),('1020105','EQUIPOS E INSTALACIONES',4,5,1,1,'2022-11-28 20:22:43','2022-11-28 20:22:43'),('1020105001','Equipos e instalaciones',5,1,1,1,'2022-11-28 20:23:35','2022-11-28 20:23:35'),('1020105002','Depreciacion Acum. Equipos e instalaciones',5,2,1,1,'2022-11-28 20:24:32','2022-11-28 20:24:32'),('1020106','HERRAMIENTAS EN GENERAL',4,6,1,1,'2022-11-28 20:34:53','2022-11-28 20:34:53'),('1020106001','Herramientas en General',5,1,1,1,'2022-11-28 20:35:46','2022-11-28 20:35:46'),('1020106002','Depreciacion Acum. Herramientas en General',5,2,1,1,'2022-11-28 20:38:59','2022-11-28 20:38:59'),('1020107','MAQUINARIA EN GENERAL',4,7,1,1,'2022-11-28 20:42:11','2022-11-28 20:42:11'),('1020107001','Maquinaria en General',5,1,1,1,'2022-11-28 20:43:11','2022-11-28 20:43:11'),('1020107002','Depreciacion Acum. Maquinaria en General',5,2,1,1,'2022-11-28 20:44:31','2022-11-28 20:44:31'),('1020108','TERRENOS',4,8,1,1,'2022-11-28 20:45:23','2022-11-28 20:45:23'),('1020108001','Terrenos',5,1,1,1,'2022-11-28 20:45:49','2022-11-28 20:45:49'),('10202','INTANGIBLES',3,2,1,1,'2022-11-28 20:26:56','2022-11-28 20:26:56'),('1020201','GASTOS DE ORGANIZACIÓN',4,1,1,1,'2022-11-28 20:27:19','2022-11-28 20:27:19'),('1020201001','Gastos de Organizacion',5,1,1,1,'2022-11-28 20:31:31','2022-11-28 20:31:31'),('1020201002','Amortizacion Acum. Gastos de Organizacion',5,2,1,1,'2022-11-28 20:32:36','2022-11-28 20:32:36'),('201','PASIVO CORRIENTE',2,1,1,2,NULL,NULL),('20101','DEUDAS COMERCIALES',3,1,1,2,NULL,NULL),('2010101','CUENTAS POR PAGAR',4,1,1,2,NULL,NULL),('2010101001','Cuentas Por Pagar',5,1,1,2,NULL,NULL),('20102','DEUDAS FISCALES',3,2,1,2,NULL,NULL),('2010201','OBLIGACIONES TRIBUTARIAS',4,1,1,2,NULL,NULL),('2010201001','Debito Fiscal Iva',5,1,1,2,NULL,NULL),('2010201002','Impuesto A Las Trans. Por Pagar',5,2,1,2,NULL,NULL),('2010201003','Iue Por Pagar',5,3,1,2,NULL,NULL),('20103','DEUDAS SOCIALES',3,3,1,2,NULL,NULL),('2010301','OBLIGACIONES CON EL PERSONAL',4,1,1,2,NULL,NULL),('2010301001','Sueldos Y Salarios Por Pagar',5,1,1,2,NULL,NULL),('2010301002','Aguinaldos Por Pagar',5,2,1,2,NULL,NULL),('2010302','APORTES LABORALES POR PAGAR',4,2,1,2,NULL,NULL),('2010302001','Cuenta Individual A.F.P. Por Pagar',5,1,1,2,NULL,NULL),('2010302002','Riesgo Comun Por Pagar',5,2,1,2,NULL,NULL),('2010302003','Comision A.F.P. Por Pagar',5,3,1,2,NULL,NULL),('2010302004','Aporte Laboral Solidario Por Pagar',5,4,1,2,NULL,NULL),('2010303','APORTES PATRONALES POR PAGAR',4,3,1,2,NULL,NULL),('2010303001','Caja Nacional De Salud Por Pagar',5,1,1,2,NULL,NULL),('2010303002','Riesgo Profesional Por Pagar',5,2,1,2,NULL,NULL),('2010303003','Provivienda Por Pagar',5,3,1,2,NULL,NULL),('2010303004','Aporte Patronal Solidario Por Pagar',5,4,1,2,NULL,NULL),('202','PASIVO NO CORRIENTE',2,2,1,2,NULL,NULL),('20201','RESERVAS Y PROVISIONES',3,1,1,2,NULL,NULL),('2020101','PROVISIONES',4,1,1,2,NULL,NULL),('2020101001','Prevision Para Indemnizacion',5,1,1,2,NULL,NULL),('301','PATRIMONIO',2,1,1,3,NULL,NULL),('30101','CAPITAL SOCIAL',3,1,1,3,NULL,NULL),('3010101','CAPITAL SOCIAL',4,1,1,3,NULL,NULL),('3010101001','Capital Social',5,1,1,3,NULL,NULL),('3010101002','Ajuste De Capital',5,2,1,3,NULL,NULL),('3010101003','Reservas Patrimoniales',5,3,1,3,NULL,NULL),('3010101004','Ajuste De Reservas Patrimoniales',5,4,1,3,NULL,NULL),('3010101005','Resultados Acumulados',5,5,1,3,NULL,NULL),('3010101006','Resultado De La Gestion',5,6,1,3,NULL,NULL),('401','INGRESOS',2,1,1,4,NULL,NULL),('40101','INGRESOS ORDINARIOS',3,1,1,4,NULL,NULL),('4010101','VENTAS NETAS',4,1,1,4,NULL,NULL),('4010101001','Ventas',5,1,1,4,NULL,NULL),('4010101002','Descuento Sobre Ventas',5,2,1,4,NULL,NULL),('40102','INGRESOS NO OPERATIVOS',3,2,1,4,NULL,NULL),('4010201','INGRESOS NO MONETARIOS',4,1,1,4,NULL,NULL),('4010201001','Ajuste Por Inflacion Y Tenencia De Bienes',5,1,1,4,NULL,NULL),('501','COSTOS',2,1,1,5,NULL,NULL),('50101','COSTO DE VENTAS',3,1,1,5,NULL,NULL),('5010101','COSTO DE VENTAS',4,1,1,5,NULL,NULL),('5010101001','Costo De Ventas',5,1,1,5,NULL,NULL),('5010102','COMPRAS NETAS',4,2,1,5,NULL,NULL),('5010102001','Compras',5,1,1,5,NULL,NULL),('5010102002','Descuento Sobre Compras',5,2,1,5,NULL,NULL),('502','GASTOS OPERATIVOS',2,2,1,5,NULL,NULL),('50201','GASTOS DE OPERACION',3,1,1,5,NULL,NULL),('5020101','SERVICIOS PERSONALES',4,1,1,5,NULL,NULL),('5020101001','Sueldos Y Salarios',5,1,1,5,NULL,NULL),('5020101002','Honorarios Profesionales',5,2,1,5,NULL,NULL),('5020102','CARGAS SOCIALES',4,2,1,5,NULL,NULL),('5020102001','Cargas Sociales',5,1,1,5,NULL,NULL),('5020102002','Aguinaldo',5,2,1,5,NULL,NULL),('5020102003','Indemnizacion',5,3,1,5,NULL,NULL),('5020103','SERVICIOS BASICOS',4,3,1,5,NULL,NULL),('5020103001','Energia Electrica',5,1,1,5,NULL,NULL),('5020103002','Agua Y Alcantarillado',5,2,1,5,NULL,NULL),('5020103003','Servicios Telefonicos',5,3,1,5,NULL,NULL),('5020103004','Tasa de Aseo y Alumbrado Publico',5,4,1,5,'2022-11-19 02:55:46','2022-11-19 02:55:46'),('5020104','GASTOS ADMINISTRATIVOS',4,4,1,5,NULL,NULL),('5020104001','Gastos Generales',5,1,1,5,NULL,NULL),('5020104002','Material De Escritorio',5,2,1,5,NULL,NULL),('5020104003','IVA subencionado - combustible',5,3,1,5,'2022-11-19 02:54:19','2022-11-19 02:54:19'),('5020105','IMPOSITIVOS',4,5,1,5,NULL,NULL),('5020105001','Impuesto A Las Transacciones',5,1,1,5,NULL,NULL),('5020105002','Impuesto Sobre Las Utilidades',5,2,1,5,NULL,NULL),('5020106','DEPRECIACIONES',4,6,1,5,NULL,NULL),('5020106001','Depreciacion Muebles Y Enseres',5,1,1,5,NULL,NULL),('5020106002','Depreciacion Equipo De Computacion',5,2,1,5,NULL,NULL),('5020106003','Depreciacion Edificios',5,3,1,5,'2022-11-28 20:47:09','2022-11-28 20:47:09'),('5020106004','Depreciacion Equipo e Instalaciones',5,4,1,5,'2022-11-28 20:48:09','2022-11-28 20:48:09'),('5020106005','Depreciacion Herramientas en General',5,5,1,5,'2022-11-28 20:49:12','2022-11-28 20:49:12'),('5020106006','Depreciacion Maquinaria en General',5,6,1,5,'2022-11-28 20:52:39','2022-11-28 20:52:39'),('5020106007','Depreciacion Vehiculos',5,7,1,5,'2022-11-28 20:54:39','2022-11-28 20:54:39'),('5020107','AMORTIZACIONES',4,7,1,5,'2022-11-28 20:50:47','2022-11-28 20:50:47'),('5020107001','Amortizacion Gastos de Organizacion',5,1,1,5,'2022-11-28 20:51:29','2022-11-28 20:51:29'),('503','GASTOS NO OPERATIVOS',2,3,1,5,NULL,NULL),('50301','GASTOS NO MONETARIOS',3,1,1,5,NULL,NULL),('5030101','GASTOS NO MONETARIOS',4,1,1,5,NULL,NULL),('5030101001','Ajuste Por Inflacion Y Tenencia De Bienes',5,1,1,5,NULL,NULL);
/*!40000 ALTER TABLE `pc_partida_contable` ENABLE KEYS */;
UNLOCK TABLES;

--
-- Table structure for table `pc_sub_cuenta`
--

DROP TABLE IF EXISTS `pc_sub_cuenta`;
/*!40101 SET @saved_cs_client     = @@character_set_client */;
/*!40101 SET character_set_client = utf8 */;
CREATE TABLE `pc_sub_cuenta` (
  `id` varchar(15) COLLATE utf8mb4_unicode_ci NOT NULL,
  `codigo_partida` varchar(15) COLLATE utf8mb4_unicode_ci NOT NULL,
  `cuenta_id` varchar(15) COLLATE utf8mb4_unicode_ci NOT NULL,
  `created_at` timestamp NULL DEFAULT NULL,
  `updated_at` timestamp NULL DEFAULT NULL,
  PRIMARY KEY (`id`),
  KEY `pc_sub_cuenta_codigo_partida_foreign` (`codigo_partida`),
  KEY `pc_sub_cuenta_cuenta_id_foreign` (`cuenta_id`),
  CONSTRAINT `pc_sub_cuenta_codigo_partida_foreign` FOREIGN KEY (`codigo_partida`) REFERENCES `pc_partida_contable` (`codigo`) ON DELETE CASCADE ON UPDATE CASCADE,
  CONSTRAINT `pc_sub_cuenta_cuenta_id_foreign` FOREIGN KEY (`cuenta_id`) REFERENCES `pc_cuenta` (`id`) ON DELETE CASCADE ON UPDATE CASCADE
) ENGINE=InnoDB DEFAULT CHARSET=utf8mb4 COLLATE=utf8mb4_unicode_ci;
/*!40101 SET character_set_client = @saved_cs_client */;

--
-- Dumping data for table `pc_sub_cuenta`
--

LOCK TABLES `pc_sub_cuenta` WRITE;
/*!40000 ALTER TABLE `pc_sub_cuenta` DISABLE KEYS */;
INSERT INTO `pc_sub_cuenta` VALUES ('1010101001','1010101001','1010101',NULL,NULL),('1010101002','1010101002','1010101',NULL,NULL),('1010102001','1010102001','1010102',NULL,NULL),('1010102002','1010102002','1010102',NULL,NULL),('1010201001','1010201001','1010201',NULL,NULL),('1010202001','1010202001','1010202',NULL,NULL),('1010202002','1010202002','1010202',NULL,NULL),('1010301001','1010301001','1010301',NULL,NULL),('1020101001','1020101001','1020101',NULL,NULL),('1020101002','1020101002','1020101',NULL,NULL),('1020102001','1020102001','1020102',NULL,NULL),('1020102002','1020102002','1020102',NULL,NULL),('1020103001','1020103001','1020103',NULL,NULL),('1020103002','1020103002','1020103',NULL,NULL),('1020104001','1020104001','1020104',NULL,NULL),('1020104002','1020104002','1020104',NULL,NULL),('1020105001','1020105001','1020105',NULL,NULL),('1020105002','1020105002','1020105',NULL,NULL),('1020106001','1020106001','1020106',NULL,NULL),('1020106002','1020106002','1020106',NULL,NULL),('1020107001','1020107001','1020107',NULL,NULL),('1020107002','1020107002','1020107',NULL,NULL),('1020108001','1020108001','1020108',NULL,NULL),('1020201001','1020201001','1020201',NULL,NULL),('1020201002','1020201002','1020201',NULL,NULL),('2010101001','2010101001','2010101',NULL,NULL),('2010201001','2010201001','2010201',NULL,NULL),('2010201002','2010201002','2010201',NULL,NULL),('2010201003','2010201003','2010201',NULL,NULL),('2010301001','2010301001','2010301',NULL,NULL),('2010301002','2010301002','2010301',NULL,NULL),('2010302001','2010302001','2010302',NULL,NULL),('2010302002','2010302002','2010302',NULL,NULL),('2010302003','2010302003','2010302',NULL,NULL),('2010302004','2010302004','2010302',NULL,NULL),('2010303001','2010303001','2010303',NULL,NULL),('2010303002','2010303002','2010303',NULL,NULL),('2010303003','2010303003','2010303',NULL,NULL),('2010303004','2010303004','2010303',NULL,NULL),('2020101001','2020101001','2020101',NULL,NULL),('3010101001','3010101001','3010101',NULL,NULL),('3010101002','3010101002','3010101',NULL,NULL),('3010101003','3010101003','3010101',NULL,NULL),('3010101004','3010101004','3010101',NULL,NULL),('3010101005','3010101005','3010101',NULL,NULL),('3010101006','3010101006','3010101',NULL,NULL),('4010101001','4010101001','4010101',NULL,NULL),('4010101002','4010101002','4010101',NULL,NULL),('4010201001','4010201001','4010201',NULL,NULL),('5010101001','5010101001','5010101',NULL,NULL),('5010102001','5010102001','5010102',NULL,NULL),('5010102002','5010102002','5010102',NULL,NULL),('5020101001','5020101001','5020101',NULL,NULL),('5020101002','5020101002','5020101',NULL,NULL),('5020102001','5020102001','5020102',NULL,NULL),('5020102002','5020102002','5020102',NULL,NULL),('5020102003','5020102003','5020102',NULL,NULL),('5020103001','5020103001','5020103',NULL,NULL),('5020103002','5020103002','5020103',NULL,NULL),('5020103003','5020103003','5020103',NULL,NULL),('5020103004','5020103004','5020103',NULL,NULL),('5020104001','5020104001','5020104',NULL,NULL),('5020104002','5020104002','5020104',NULL,NULL),('5020104003','5020104003','5020104',NULL,NULL),('5020105001','5020105001','5020105',NULL,NULL),('5020105002','5020105002','5020105',NULL,NULL),('5020106001','5020106001','5020106',NULL,NULL),('5020106002','5020106002','5020106',NULL,NULL),('5020106003','5020106003','5020106',NULL,NULL),('5020106004','5020106004','5020106',NULL,NULL),('5020106005','5020106005','5020106',NULL,NULL),('5020106006','5020106006','5020106',NULL,NULL),('5020106007','5020106007','5020106',NULL,NULL),('5020107001','5020107001','5020107',NULL,NULL),('5030101001','5030101001','5030101',NULL,NULL);
/*!40000 ALTER TABLE `pc_sub_cuenta` ENABLE KEYS */;
UNLOCK TABLES;

--
-- Table structure for table `pc_sub_grupo`
--

DROP TABLE IF EXISTS `pc_sub_grupo`;
/*!40101 SET @saved_cs_client     = @@character_set_client */;
/*!40101 SET character_set_client = utf8 */;
CREATE TABLE `pc_sub_grupo` (
  `id` varchar(15) COLLATE utf8mb4_unicode_ci NOT NULL,
  `codigo_partida` varchar(15) COLLATE utf8mb4_unicode_ci NOT NULL,
  `grupo_id` varchar(15) COLLATE utf8mb4_unicode_ci NOT NULL,
  `created_at` timestamp NULL DEFAULT NULL,
  `updated_at` timestamp NULL DEFAULT NULL,
  PRIMARY KEY (`id`),
  KEY `pc_sub_grupo_codigo_partida_foreign` (`codigo_partida`),
  KEY `pc_sub_grupo_grupo_id_foreign` (`grupo_id`),
  CONSTRAINT `pc_sub_grupo_codigo_partida_foreign` FOREIGN KEY (`codigo_partida`) REFERENCES `pc_partida_contable` (`codigo`) ON DELETE CASCADE ON UPDATE CASCADE,
  CONSTRAINT `pc_sub_grupo_grupo_id_foreign` FOREIGN KEY (`grupo_id`) REFERENCES `pc_grupo` (`id`) ON DELETE CASCADE ON UPDATE CASCADE
) ENGINE=InnoDB DEFAULT CHARSET=utf8mb4 COLLATE=utf8mb4_unicode_ci;
/*!40101 SET character_set_client = @saved_cs_client */;

--
-- Dumping data for table `pc_sub_grupo`
--

LOCK TABLES `pc_sub_grupo` WRITE;
/*!40000 ALTER TABLE `pc_sub_grupo` DISABLE KEYS */;
INSERT INTO `pc_sub_grupo` VALUES ('10101','10101','101',NULL,NULL),('10102','10102','101',NULL,NULL),('10103','10103','101',NULL,NULL),('10201','10201','102',NULL,NULL),('10202','10202','102',NULL,NULL),('20101','20101','201',NULL,NULL),('20102','20102','201',NULL,NULL),('20103','20103','201',NULL,NULL),('20201','20201','202',NULL,NULL),('30101','30101','301',NULL,NULL),('40101','40101','401',NULL,NULL),('40102','40102','401',NULL,NULL),('50101','50101','501',NULL,NULL),('50201','50201','502',NULL,NULL),('50301','50301','503',NULL,NULL);
/*!40000 ALTER TABLE `pc_sub_grupo` ENABLE KEYS */;
UNLOCK TABLES;

--
-- Table structure for table `pc_tipo`
--

DROP TABLE IF EXISTS `pc_tipo`;
/*!40101 SET @saved_cs_client     = @@character_set_client */;
/*!40101 SET character_set_client = utf8 */;
CREATE TABLE `pc_tipo` (
  `id` bigint(20) unsigned NOT NULL AUTO_INCREMENT,
  `descripcion` varchar(50) COLLATE utf8mb4_unicode_ci NOT NULL,
  `estado` tinyint(1) DEFAULT 1,
  `created_at` timestamp NULL DEFAULT NULL,
  `updated_at` timestamp NULL DEFAULT NULL,
  PRIMARY KEY (`id`)
) ENGINE=InnoDB AUTO_INCREMENT=6 DEFAULT CHARSET=utf8mb4 COLLATE=utf8mb4_unicode_ci;
/*!40101 SET character_set_client = @saved_cs_client */;

--
-- Dumping data for table `pc_tipo`
--

LOCK TABLES `pc_tipo` WRITE;
/*!40000 ALTER TABLE `pc_tipo` DISABLE KEYS */;
INSERT INTO `pc_tipo` VALUES (1,'ACTIVO',1,NULL,NULL),(2,'PASIVO',1,NULL,NULL),(3,'PATRIMONIO',1,NULL,NULL),(4,'INGRESOS',1,NULL,NULL),(5,'GASTOS',1,NULL,NULL);
/*!40000 ALTER TABLE `pc_tipo` ENABLE KEYS */;
UNLOCK TABLES;

--
-- Table structure for table `personal_access_tokens`
--

DROP TABLE IF EXISTS `personal_access_tokens`;
/*!40101 SET @saved_cs_client     = @@character_set_client */;
/*!40101 SET character_set_client = utf8 */;
CREATE TABLE `personal_access_tokens` (
  `id` bigint(20) unsigned NOT NULL AUTO_INCREMENT,
  `tokenable_type` varchar(191) COLLATE utf8mb4_unicode_ci NOT NULL,
  `tokenable_id` bigint(20) unsigned NOT NULL,
  `name` varchar(191) COLLATE utf8mb4_unicode_ci NOT NULL,
  `token` varchar(64) COLLATE utf8mb4_unicode_ci NOT NULL,
  `abilities` text COLLATE utf8mb4_unicode_ci DEFAULT NULL,
  `last_used_at` timestamp NULL DEFAULT NULL,
  `created_at` timestamp NULL DEFAULT NULL,
  `updated_at` timestamp NULL DEFAULT NULL,
  PRIMARY KEY (`id`),
  UNIQUE KEY `personal_access_tokens_token_unique` (`token`),
  KEY `personal_access_tokens_tokenable_type_tokenable_id_index` (`tokenable_type`,`tokenable_id`)
) ENGINE=InnoDB DEFAULT CHARSET=utf8mb4 COLLATE=utf8mb4_unicode_ci;
/*!40101 SET character_set_client = @saved_cs_client */;

--
-- Dumping data for table `personal_access_tokens`
--

LOCK TABLES `personal_access_tokens` WRITE;
/*!40000 ALTER TABLE `personal_access_tokens` DISABLE KEYS */;
/*!40000 ALTER TABLE `personal_access_tokens` ENABLE KEYS */;
UNLOCK TABLES;

--
-- Table structure for table `rubros`
--

DROP TABLE IF EXISTS `rubros`;
/*!40101 SET @saved_cs_client     = @@character_set_client */;
/*!40101 SET character_set_client = utf8 */;
CREATE TABLE `rubros` (
  `id` bigint(20) unsigned NOT NULL AUTO_INCREMENT,
  `rubro` varchar(100) COLLATE utf8mb4_unicode_ci NOT NULL,
  `aniosVidaUtil` int(11) NOT NULL,
  `codCntaActivo` varchar(20) COLLATE utf8mb4_unicode_ci DEFAULT NULL,
  `codCntaDepreciacion` varchar(20) COLLATE utf8mb4_unicode_ci DEFAULT NULL,
  `codCntaDepreciacionAcum` varchar(20) COLLATE utf8mb4_unicode_ci DEFAULT NULL,
  `sujetoAdepreciacion` tinyint(1) NOT NULL,
  `created_at` timestamp NULL DEFAULT NULL,
  `updated_at` timestamp NULL DEFAULT NULL,
  PRIMARY KEY (`id`)
) ENGINE=InnoDB AUTO_INCREMENT=11 DEFAULT CHARSET=utf8mb4 COLLATE=utf8mb4_unicode_ci;
/*!40101 SET character_set_client = @saved_cs_client */;

--
-- Dumping data for table `rubros`
--

LOCK TABLES `rubros` WRITE;
/*!40000 ALTER TABLE `rubros` DISABLE KEYS */;
INSERT INTO `rubros` VALUES (1,'EDIFICACIONES',40,'1020104001','5020106003','1020104002',1,NULL,'2022-11-28 20:57:38'),(2,'EQUIPOS DE COMPUTACIÓN',4,'1020102001','5020106002','1020102002',1,NULL,'2022-11-28 21:00:42'),(3,'EQUIPOS E INSTALACIONES',8,'1020105001','5020106004','1020105002',1,NULL,'2022-11-28 21:03:26'),(4,'GASTOS DE ORGANIZACIÓN',4,'1020201001','5020107001','1020201002',1,NULL,'2022-11-28 21:04:15'),(5,'HERRAMIENTAS EN GENERAL',4,'1020106001','5020106005','1020106002',1,NULL,'2022-11-28 21:04:50'),(6,'MAQUINARIA EN GENERAL',8,'1020107001','5020106006','1020107002',1,NULL,'2022-11-28 21:15:15'),(7,'MUEBLES Y ENSERES DE OFICINA',10,'1020101001','5020106001','1020101002',1,NULL,'2022-11-28 06:14:31'),(8,'TERRENOS',0,'1020108001',NULL,NULL,0,NULL,'2022-11-28 21:16:46'),(9,'VEHÍCULOS AUTOMOTORES',5,'1020103001','5020106007','1020103002',1,NULL,'2022-11-28 21:17:51');
/*!40000 ALTER TABLE `rubros` ENABLE KEYS */;
UNLOCK TABLES;

--
-- Table structure for table `sessions`
--

DROP TABLE IF EXISTS `sessions`;
/*!40101 SET @saved_cs_client     = @@character_set_client */;
/*!40101 SET character_set_client = utf8 */;
CREATE TABLE `sessions` (
  `id` varchar(191) COLLATE utf8mb4_unicode_ci NOT NULL,
  `user_id` bigint(20) unsigned DEFAULT NULL,
  `ip_address` varchar(45) COLLATE utf8mb4_unicode_ci DEFAULT NULL,
  `user_agent` text COLLATE utf8mb4_unicode_ci DEFAULT NULL,
  `payload` longtext COLLATE utf8mb4_unicode_ci NOT NULL,
  `last_activity` int(11) NOT NULL,
  PRIMARY KEY (`id`),
  KEY `sessions_user_id_index` (`user_id`),
  KEY `sessions_last_activity_index` (`last_activity`)
) ENGINE=InnoDB DEFAULT CHARSET=utf8mb4 COLLATE=utf8mb4_unicode_ci;
/*!40101 SET character_set_client = @saved_cs_client */;

--
-- Dumping data for table `sessions`
--

LOCK TABLES `sessions` WRITE;
/*!40000 ALTER TABLE `sessions` DISABLE KEYS */;
INSERT INTO `sessions` VALUES ('ubPSjIWu4ioPKXiTR7Lw6Eka3EgHBE7UBFoETRhi',1,'127.0.0.1','Mozilla/5.0 (Windows NT 10.0; Win64; x64) AppleWebKit/537.36 (KHTML, like Gecko) Chrome/108.0.0.0 Safari/537.36','YTo0OntzOjY6Il90b2tlbiI7czo0MDoiM21lQWxZSGtOUzFlYmdQOVhQdG1FcE96WHRacDhMWWNmbFJ0dEhFRSI7czo2OiJfZmxhc2giO2E6Mjp7czozOiJvbGQiO2E6MDp7fXM6MzoibmV3IjthOjA6e319czo5OiJfcHJldmlvdXMiO2E6MTp7czozOiJ1cmwiO3M6NDM6Imh0dHA6Ly9zaXN0ZW1hY29udGFibGUudGVzdC9yZXNwYWxkYXIvaW5kZXgiO31zOjUwOiJsb2dpbl93ZWJfNTliYTM2YWRkYzJiMmY5NDAxNTgwZjAxNGM3ZjU4ZWE0ZTMwOTg5ZCI7aToxO30=',1670356963);
/*!40000 ALTER TABLE `sessions` ENABLE KEYS */;
UNLOCK TABLES;

--
-- Table structure for table `sucursals`
--

DROP TABLE IF EXISTS `sucursals`;
/*!40101 SET @saved_cs_client     = @@character_set_client */;
/*!40101 SET character_set_client = utf8 */;
CREATE TABLE `sucursals` (
  `id` bigint(20) unsigned NOT NULL AUTO_INCREMENT,
  `descripcion` varchar(50) COLLATE utf8mb4_unicode_ci NOT NULL,
  `direccion` varchar(150) COLLATE utf8mb4_unicode_ci DEFAULT NULL,
  `estado` char(2) COLLATE utf8mb4_unicode_ci DEFAULT '1',
  `empresa_id` bigint(20) unsigned NOT NULL,
  `created_at` timestamp NULL DEFAULT NULL,
  `updated_at` timestamp NULL DEFAULT NULL,
  PRIMARY KEY (`id`),
  KEY `sucursals_empresa_id_foreign` (`empresa_id`),
  CONSTRAINT `sucursals_empresa_id_foreign` FOREIGN KEY (`empresa_id`) REFERENCES `empresas` (`id`) ON DELETE CASCADE ON UPDATE CASCADE
) ENGINE=InnoDB AUTO_INCREMENT=5 DEFAULT CHARSET=utf8mb4 COLLATE=utf8mb4_unicode_ci;
/*!40101 SET character_set_client = @saved_cs_client */;

--
-- Dumping data for table `sucursals`
--

LOCK TABLES `sucursals` WRITE;
/*!40000 ALTER TABLE `sucursals` DISABLE KEYS */;
INSERT INTO `sucursals` VALUES (1,'Casa Matriz','Villa Bolivar F, Nro 700, lado Vidriería VIDCLA','1',1,'2022-11-19 03:05:04','2022-11-19 03:05:04'),(2,'Sucursal 1','Zona 16 de Julio, plaza Libertad Nro 108','1',1,'2022-11-19 03:07:49','2022-11-25 14:52:31'),(3,'Casa Matriz','El Alto Ciudad Satelite Av Hno Morales #1026 La Paz, El Alto','1',2,'2022-11-26 13:53:23','2022-11-26 13:58:51'),(4,'Casa Matriz','Entre Av. Tiahuanacu y C. 4 Villa Dolores, El Alto','1',3,'2022-11-26 14:07:01','2022-11-26 14:07:01');
/*!40000 ALTER TABLE `sucursals` ENABLE KEYS */;
UNLOCK TABLES;

--
-- Table structure for table `team_invitations`
--

DROP TABLE IF EXISTS `team_invitations`;
/*!40101 SET @saved_cs_client     = @@character_set_client */;
/*!40101 SET character_set_client = utf8 */;
CREATE TABLE `team_invitations` (
  `id` bigint(20) unsigned NOT NULL AUTO_INCREMENT,
  `team_id` bigint(20) unsigned NOT NULL,
  `email` varchar(191) COLLATE utf8mb4_unicode_ci NOT NULL,
  `role` varchar(191) COLLATE utf8mb4_unicode_ci DEFAULT NULL,
  `created_at` timestamp NULL DEFAULT NULL,
  `updated_at` timestamp NULL DEFAULT NULL,
  PRIMARY KEY (`id`),
  UNIQUE KEY `team_invitations_team_id_email_unique` (`team_id`,`email`),
  CONSTRAINT `team_invitations_team_id_foreign` FOREIGN KEY (`team_id`) REFERENCES `teams` (`id`) ON DELETE CASCADE
) ENGINE=InnoDB DEFAULT CHARSET=utf8mb4 COLLATE=utf8mb4_unicode_ci;
/*!40101 SET character_set_client = @saved_cs_client */;

--
-- Dumping data for table `team_invitations`
--

LOCK TABLES `team_invitations` WRITE;
/*!40000 ALTER TABLE `team_invitations` DISABLE KEYS */;
/*!40000 ALTER TABLE `team_invitations` ENABLE KEYS */;
UNLOCK TABLES;

--
-- Table structure for table `team_user`
--

DROP TABLE IF EXISTS `team_user`;
/*!40101 SET @saved_cs_client     = @@character_set_client */;
/*!40101 SET character_set_client = utf8 */;
CREATE TABLE `team_user` (
  `id` bigint(20) unsigned NOT NULL AUTO_INCREMENT,
  `team_id` bigint(20) unsigned NOT NULL,
  `user_id` bigint(20) unsigned NOT NULL,
  `role` varchar(191) COLLATE utf8mb4_unicode_ci DEFAULT NULL,
  `created_at` timestamp NULL DEFAULT NULL,
  `updated_at` timestamp NULL DEFAULT NULL,
  PRIMARY KEY (`id`),
  UNIQUE KEY `team_user_team_id_user_id_unique` (`team_id`,`user_id`)
) ENGINE=InnoDB DEFAULT CHARSET=utf8mb4 COLLATE=utf8mb4_unicode_ci;
/*!40101 SET character_set_client = @saved_cs_client */;

--
-- Dumping data for table `team_user`
--

LOCK TABLES `team_user` WRITE;
/*!40000 ALTER TABLE `team_user` DISABLE KEYS */;
/*!40000 ALTER TABLE `team_user` ENABLE KEYS */;
UNLOCK TABLES;

--
-- Table structure for table `teams`
--

DROP TABLE IF EXISTS `teams`;
/*!40101 SET @saved_cs_client     = @@character_set_client */;
/*!40101 SET character_set_client = utf8 */;
CREATE TABLE `teams` (
  `id` bigint(20) unsigned NOT NULL AUTO_INCREMENT,
  `user_id` bigint(20) unsigned NOT NULL,
  `name` varchar(191) COLLATE utf8mb4_unicode_ci NOT NULL,
  `personal_team` tinyint(1) NOT NULL,
  `created_at` timestamp NULL DEFAULT NULL,
  `updated_at` timestamp NULL DEFAULT NULL,
  PRIMARY KEY (`id`),
  KEY `teams_user_id_index` (`user_id`)
) ENGINE=InnoDB DEFAULT CHARSET=utf8mb4 COLLATE=utf8mb4_unicode_ci;
/*!40101 SET character_set_client = @saved_cs_client */;

--
-- Dumping data for table `teams`
--

LOCK TABLES `teams` WRITE;
/*!40000 ALTER TABLE `teams` DISABLE KEYS */;
/*!40000 ALTER TABLE `teams` ENABLE KEYS */;
UNLOCK TABLES;

--
-- Table structure for table `temas`
--

DROP TABLE IF EXISTS `temas`;
/*!40101 SET @saved_cs_client     = @@character_set_client */;
/*!40101 SET character_set_client = utf8 */;
CREATE TABLE `temas` (
  `id` bigint(20) unsigned NOT NULL AUTO_INCREMENT,
  `nombre` varchar(20) COLLATE utf8mb4_unicode_ci NOT NULL,
  `aside` varchar(20) COLLATE utf8mb4_unicode_ci DEFAULT NULL,
  `aside_header` varchar(25) COLLATE utf8mb4_unicode_ci DEFAULT NULL,
  `nav` varchar(20) COLLATE utf8mb4_unicode_ci DEFAULT NULL,
  `text_nav` varchar(25) COLLATE utf8mb4_unicode_ci DEFAULT NULL,
  `created_at` timestamp NULL DEFAULT NULL,
  `updated_at` timestamp NULL DEFAULT NULL,
  PRIMARY KEY (`id`)
) ENGINE=InnoDB AUTO_INCREMENT=9 DEFAULT CHARSET=utf8mb4 COLLATE=utf8mb4_unicode_ci;
/*!40101 SET character_set_client = @saved_cs_client */;

--
-- Dumping data for table `temas`
--

LOCK TABLES `temas` WRITE;
/*!40000 ALTER TABLE `temas` DISABLE KEYS */;
INSERT INTO `temas` VALUES (1,'LIGTH DARK','sidebar-light-dark','text-blue text-bold','navbar-white','text-dark',NULL,NULL),(2,'LIGTH BLUE','sidebar-light-blue','text-blue text-bold','navbar-white','text-blue',NULL,NULL),(3,'LIGTH LIME','sidebar-light-lime','text-green text-bold','navbar-white','text-blue',NULL,NULL),(4,'DARK LIGTH WHITE','sidebar-dark-white','text-white text-bold','navbar-white','text-blue',NULL,NULL),(5,'DARK YELLOW WHITE','sidebar-dark-warning','text-yellow text-bold','navbar-white','text-yellow',NULL,NULL),(6,'DARK LIME WHITE','sidebar-dark-lime','text-lime text-bold','navbar-white','text-lime',NULL,NULL),(7,'DARK LIGTH DARK','sidebar-dark-white','text-white text-bold','navbar-dark','text-white text-bold',NULL,NULL),(8,'DARK LIME DARK','sidebar-dark-lime','text-lime text-bold','navbar-dark','text-lime',NULL,NULL);
/*!40000 ALTER TABLE `temas` ENABLE KEYS */;
UNLOCK TABLES;

--
-- Table structure for table `tipos_de_cambio`
--

DROP TABLE IF EXISTS `tipos_de_cambio`;
/*!40101 SET @saved_cs_client     = @@character_set_client */;
/*!40101 SET character_set_client = utf8 */;
CREATE TABLE `tipos_de_cambio` (
  `id` bigint(20) unsigned NOT NULL AUTO_INCREMENT,
  `fecha` date NOT NULL,
  `ufv` double(8,6) NOT NULL,
  `created_at` timestamp NULL DEFAULT NULL,
  `updated_at` timestamp NULL DEFAULT NULL,
  PRIMARY KEY (`id`)
) ENGINE=InnoDB AUTO_INCREMENT=1443 DEFAULT CHARSET=utf8mb4 COLLATE=utf8mb4_unicode_ci;
/*!40101 SET character_set_client = @saved_cs_client */;

--
-- Dumping data for table `tipos_de_cambio`
--

LOCK TABLES `tipos_de_cambio` WRITE;
/*!40000 ALTER TABLE `tipos_de_cambio` DISABLE KEYS */;
INSERT INTO `tipos_de_cambio` VALUES (1,'2019-01-01',2.290850,'2022-11-30 15:31:58','2022-11-30 15:31:58'),(2,'2019-01-02',2.290940,'2022-11-30 15:31:58','2022-11-30 15:31:58'),(3,'2019-01-03',2.291030,'2022-11-30 15:31:58','2022-11-30 15:31:58'),(4,'2019-01-04',2.291120,'2022-11-30 15:31:58','2022-11-30 15:31:58'),(5,'2019-01-05',2.291210,'2022-11-30 15:31:58','2022-11-30 15:31:58'),(6,'2019-01-06',2.291300,'2022-11-30 15:31:58','2022-11-30 15:31:58'),(7,'2019-01-07',2.291390,'2022-11-30 15:31:58','2022-11-30 15:31:58'),(8,'2019-01-08',2.291480,'2022-11-30 15:31:58','2022-11-30 15:31:58'),(9,'2019-01-09',2.291570,'2022-11-30 15:31:58','2022-11-30 15:31:58'),(10,'2019-01-10',2.291660,'2022-11-30 15:31:58','2022-11-30 15:31:58'),(11,'2019-01-11',2.291750,'2022-11-30 15:31:58','2022-11-30 15:31:58'),(12,'2019-01-12',2.291840,'2022-11-30 15:31:58','2022-11-30 15:31:58'),(13,'2019-01-13',2.291930,'2022-11-30 15:31:58','2022-11-30 15:31:58'),(14,'2019-01-14',2.292020,'2022-11-30 15:31:58','2022-11-30 15:31:58'),(15,'2019-01-15',2.292110,'2022-11-30 15:31:58','2022-11-30 15:31:58'),(16,'2019-01-16',2.292200,'2022-11-30 15:31:58','2022-11-30 15:31:58'),(17,'2019-01-17',2.292290,'2022-11-30 15:31:58','2022-11-30 15:31:58'),(18,'2019-01-18',2.292380,'2022-11-30 15:31:58','2022-11-30 15:31:58'),(19,'2019-01-19',2.292470,'2022-11-30 15:31:58','2022-11-30 15:31:58'),(20,'2019-01-20',2.292560,'2022-11-30 15:31:58','2022-11-30 15:31:58'),(21,'2019-01-21',2.292650,'2022-11-30 15:31:58','2022-11-30 15:31:58'),(22,'2019-01-22',2.292740,'2022-11-30 15:31:58','2022-11-30 15:31:58'),(23,'2019-01-23',2.292830,'2022-11-30 15:31:58','2022-11-30 15:31:58'),(24,'2019-01-24',2.292920,'2022-11-30 15:31:58','2022-11-30 15:31:58'),(25,'2019-01-25',2.293010,'2022-11-30 15:31:58','2022-11-30 15:31:58'),(26,'2019-01-26',2.293100,'2022-11-30 15:31:58','2022-11-30 15:31:58'),(27,'2019-01-27',2.293190,'2022-11-30 15:31:58','2022-11-30 15:31:58'),(28,'2019-01-28',2.293280,'2022-11-30 15:31:58','2022-11-30 15:31:58'),(29,'2019-01-29',2.293370,'2022-11-30 15:31:58','2022-11-30 15:31:58'),(30,'2019-01-30',2.293460,'2022-11-30 15:31:58','2022-11-30 15:31:58'),(31,'2019-01-31',2.293550,'2022-11-30 15:31:58','2022-11-30 15:31:58'),(32,'2019-02-01',2.293650,'2022-11-30 15:31:58','2022-11-30 15:31:58'),(33,'2019-02-02',2.293750,'2022-11-30 15:31:58','2022-11-30 15:31:58'),(34,'2019-02-03',2.293850,'2022-11-30 15:31:58','2022-11-30 15:31:58'),(35,'2019-02-04',2.293950,'2022-11-30 15:31:58','2022-11-30 15:31:58'),(36,'2019-02-05',2.294050,'2022-11-30 15:31:58','2022-11-30 15:31:58'),(37,'2019-02-06',2.294150,'2022-11-30 15:31:58','2022-11-30 15:31:58'),(38,'2019-02-07',2.294250,'2022-11-30 15:31:58','2022-11-30 15:31:58'),(39,'2019-02-08',2.294350,'2022-11-30 15:31:58','2022-11-30 15:31:58'),(40,'2019-02-09',2.294450,'2022-11-30 15:31:58','2022-11-30 15:31:58'),(41,'2019-02-10',2.294550,'2022-11-30 15:31:58','2022-11-30 15:31:58'),(42,'2019-02-11',2.294650,'2022-11-30 15:31:58','2022-11-30 15:31:58'),(43,'2019-02-12',2.294750,'2022-11-30 15:31:58','2022-11-30 15:31:58'),(44,'2019-02-13',2.294850,'2022-11-30 15:31:58','2022-11-30 15:31:58'),(45,'2019-02-14',2.294950,'2022-11-30 15:31:58','2022-11-30 15:31:58'),(46,'2019-02-15',2.295050,'2022-11-30 15:31:58','2022-11-30 15:31:58'),(47,'2019-02-16',2.295150,'2022-11-30 15:31:58','2022-11-30 15:31:58'),(48,'2019-02-17',2.295250,'2022-11-30 15:31:58','2022-11-30 15:31:58'),(49,'2019-02-18',2.295350,'2022-11-30 15:31:58','2022-11-30 15:31:58'),(50,'2019-02-19',2.295450,'2022-11-30 15:31:58','2022-11-30 15:31:58'),(51,'2019-02-20',2.295550,'2022-11-30 15:31:58','2022-11-30 15:31:58'),(52,'2019-02-21',2.295650,'2022-11-30 15:31:58','2022-11-30 15:31:58'),(53,'2019-02-22',2.295750,'2022-11-30 15:31:58','2022-11-30 15:31:58'),(54,'2019-02-23',2.295850,'2022-11-30 15:31:58','2022-11-30 15:31:58'),(55,'2019-02-24',2.295950,'2022-11-30 15:31:58','2022-11-30 15:31:58'),(56,'2019-02-25',2.296050,'2022-11-30 15:31:58','2022-11-30 15:31:58'),(57,'2019-02-26',2.296150,'2022-11-30 15:31:58','2022-11-30 15:31:58'),(58,'2019-02-27',2.296250,'2022-11-30 15:31:58','2022-11-30 15:31:58'),(59,'2019-02-28',2.296350,'2022-11-30 15:31:58','2022-11-30 15:31:58'),(60,'2019-03-01',2.296440,'2022-11-30 15:31:58','2022-11-30 15:31:58'),(61,'2019-03-02',2.296530,'2022-11-30 15:31:58','2022-11-30 15:31:58'),(62,'2019-03-03',2.296620,'2022-11-30 15:31:58','2022-11-30 15:31:58'),(63,'2019-03-04',2.296710,'2022-11-30 15:31:58','2022-11-30 15:31:58'),(64,'2019-03-05',2.296800,'2022-11-30 15:31:58','2022-11-30 15:31:58'),(65,'2019-03-06',2.296890,'2022-11-30 15:31:58','2022-11-30 15:31:58'),(66,'2019-03-07',2.296980,'2022-11-30 15:31:58','2022-11-30 15:31:58'),(67,'2019-03-08',2.297070,'2022-11-30 15:31:58','2022-11-30 15:31:58'),(68,'2019-03-09',2.297160,'2022-11-30 15:31:58','2022-11-30 15:31:58'),(69,'2019-03-10',2.297250,'2022-11-30 15:31:58','2022-11-30 15:31:58'),(70,'2019-03-11',2.297310,'2022-11-30 15:31:58','2022-11-30 15:31:58'),(71,'2019-03-12',2.297370,'2022-11-30 15:31:58','2022-11-30 15:31:58'),(72,'2019-03-13',2.297430,'2022-11-30 15:31:58','2022-11-30 15:31:58'),(73,'2019-03-14',2.297490,'2022-11-30 15:31:58','2022-11-30 15:31:58'),(74,'2019-03-15',2.297550,'2022-11-30 15:31:58','2022-11-30 15:31:58'),(75,'2019-03-16',2.297610,'2022-11-30 15:31:58','2022-11-30 15:31:58'),(76,'2019-03-17',2.297670,'2022-11-30 15:31:58','2022-11-30 15:31:58'),(77,'2019-03-18',2.297730,'2022-11-30 15:31:58','2022-11-30 15:31:58'),(78,'2019-03-19',2.297790,'2022-11-30 15:31:58','2022-11-30 15:31:58'),(79,'2019-03-20',2.297850,'2022-11-30 15:31:58','2022-11-30 15:31:58'),(80,'2019-03-21',2.297910,'2022-11-30 15:31:58','2022-11-30 15:31:58'),(81,'2019-03-22',2.297970,'2022-11-30 15:31:58','2022-11-30 15:31:58'),(82,'2019-03-23',2.298030,'2022-11-30 15:31:58','2022-11-30 15:31:58'),(83,'2019-03-24',2.298090,'2022-11-30 15:31:58','2022-11-30 15:31:58'),(84,'2019-03-25',2.298150,'2022-11-30 15:31:58','2022-11-30 15:31:58'),(85,'2019-03-26',2.298210,'2022-11-30 15:31:58','2022-11-30 15:31:58'),(86,'2019-03-27',2.298270,'2022-11-30 15:31:58','2022-11-30 15:31:58'),(87,'2019-03-28',2.298330,'2022-11-30 15:31:58','2022-11-30 15:31:58'),(88,'2019-03-29',2.298390,'2022-11-30 15:31:58','2022-11-30 15:31:58'),(89,'2019-03-30',2.298450,'2022-11-30 15:31:58','2022-11-30 15:31:58'),(90,'2019-03-31',2.298510,'2022-11-30 15:31:58','2022-11-30 15:31:58'),(91,'2019-04-01',2.298570,'2022-11-30 15:31:58','2022-11-30 15:31:58'),(92,'2019-04-02',2.298630,'2022-11-30 15:31:58','2022-11-30 15:31:58'),(93,'2019-04-03',2.298690,'2022-11-30 15:31:58','2022-11-30 15:31:58'),(94,'2019-04-04',2.298750,'2022-11-30 15:31:58','2022-11-30 15:31:58'),(95,'2019-04-05',2.298810,'2022-11-30 15:31:58','2022-11-30 15:31:58'),(96,'2019-04-06',2.298870,'2022-11-30 15:31:58','2022-11-30 15:31:58'),(97,'2019-04-07',2.298930,'2022-11-30 15:31:58','2022-11-30 15:31:58'),(98,'2019-04-08',2.298990,'2022-11-30 15:31:58','2022-11-30 15:31:58'),(99,'2019-04-09',2.299050,'2022-11-30 15:31:58','2022-11-30 15:31:58'),(100,'2019-04-10',2.299110,'2022-11-30 15:31:58','2022-11-30 15:31:58'),(101,'2019-04-11',2.299180,'2022-11-30 15:31:58','2022-11-30 15:31:58'),(102,'2019-04-12',2.299250,'2022-11-30 15:31:58','2022-11-30 15:31:58'),(103,'2019-04-13',2.299320,'2022-11-30 15:31:58','2022-11-30 15:31:58'),(104,'2019-04-14',2.299390,'2022-11-30 15:31:58','2022-11-30 15:31:58'),(105,'2019-04-15',2.299460,'2022-11-30 15:31:58','2022-11-30 15:31:58'),(106,'2019-04-16',2.299530,'2022-11-30 15:31:58','2022-11-30 15:31:58'),(107,'2019-04-17',2.299600,'2022-11-30 15:31:58','2022-11-30 15:31:58'),(108,'2019-04-18',2.299670,'2022-11-30 15:31:58','2022-11-30 15:31:58'),(109,'2019-04-19',2.299740,'2022-11-30 15:31:58','2022-11-30 15:31:58'),(110,'2019-04-20',2.299810,'2022-11-30 15:31:58','2022-11-30 15:31:58'),(111,'2019-04-21',2.299880,'2022-11-30 15:31:58','2022-11-30 15:31:58'),(112,'2019-04-22',2.299950,'2022-11-30 15:31:58','2022-11-30 15:31:58'),(113,'2019-04-23',2.300020,'2022-11-30 15:31:58','2022-11-30 15:31:58'),(114,'2019-04-24',2.300090,'2022-11-30 15:31:58','2022-11-30 15:31:58'),(115,'2019-04-25',2.300160,'2022-11-30 15:31:58','2022-11-30 15:31:58'),(116,'2019-04-26',2.300230,'2022-11-30 15:31:58','2022-11-30 15:31:58'),(117,'2019-04-27',2.300300,'2022-11-30 15:31:58','2022-11-30 15:31:58'),(118,'2019-04-28',2.300370,'2022-11-30 15:31:58','2022-11-30 15:31:58'),(119,'2019-04-29',2.300440,'2022-11-30 15:31:58','2022-11-30 15:31:58'),(120,'2019-04-30',2.300510,'2022-11-30 15:31:58','2022-11-30 15:31:58'),(121,'2019-05-01',2.300580,'2022-11-30 15:31:58','2022-11-30 15:31:58'),(122,'2019-05-02',2.300650,'2022-11-30 15:31:58','2022-11-30 15:31:58'),(123,'2019-05-03',2.300720,'2022-11-30 15:31:58','2022-11-30 15:31:58'),(124,'2019-05-04',2.300790,'2022-11-30 15:31:58','2022-11-30 15:31:58'),(125,'2019-05-05',2.300860,'2022-11-30 15:31:58','2022-11-30 15:31:58'),(126,'2019-05-06',2.300930,'2022-11-30 15:31:58','2022-11-30 15:31:58'),(127,'2019-05-07',2.301000,'2022-11-30 15:31:58','2022-11-30 15:31:58'),(128,'2019-05-08',2.301070,'2022-11-30 15:31:58','2022-11-30 15:31:58'),(129,'2019-05-09',2.301140,'2022-11-30 15:31:58','2022-11-30 15:31:58'),(130,'2019-05-10',2.301210,'2022-11-30 15:31:58','2022-11-30 15:31:58'),(131,'2019-05-11',2.301290,'2022-11-30 15:31:58','2022-11-30 15:31:58'),(132,'2019-05-12',2.301370,'2022-11-30 15:31:58','2022-11-30 15:31:58'),(133,'2019-05-13',2.301450,'2022-11-30 15:31:58','2022-11-30 15:31:58'),(134,'2019-05-14',2.301530,'2022-11-30 15:31:58','2022-11-30 15:31:58'),(135,'2019-05-15',2.301610,'2022-11-30 15:31:58','2022-11-30 15:31:58'),(136,'2019-05-16',2.301690,'2022-11-30 15:31:58','2022-11-30 15:31:58'),(137,'2019-05-17',2.301770,'2022-11-30 15:31:58','2022-11-30 15:31:58'),(138,'2019-05-18',2.301850,'2022-11-30 15:31:58','2022-11-30 15:31:58'),(139,'2019-05-19',2.301930,'2022-11-30 15:31:58','2022-11-30 15:31:58'),(140,'2019-05-20',2.302010,'2022-11-30 15:31:58','2022-11-30 15:31:58'),(141,'2019-05-21',2.302090,'2022-11-30 15:31:58','2022-11-30 15:31:58'),(142,'2019-05-22',2.302170,'2022-11-30 15:31:58','2022-11-30 15:31:58'),(143,'2019-05-23',2.302250,'2022-11-30 15:31:58','2022-11-30 15:31:58'),(144,'2019-05-24',2.302330,'2022-11-30 15:31:58','2022-11-30 15:31:58'),(145,'2019-05-25',2.302410,'2022-11-30 15:31:58','2022-11-30 15:31:58'),(146,'2019-05-26',2.302490,'2022-11-30 15:31:58','2022-11-30 15:31:58'),(147,'2019-05-27',2.302570,'2022-11-30 15:31:58','2022-11-30 15:31:58'),(148,'2019-05-28',2.302650,'2022-11-30 15:31:58','2022-11-30 15:31:58'),(149,'2019-05-29',2.302730,'2022-11-30 15:31:58','2022-11-30 15:31:58'),(150,'2019-05-30',2.302810,'2022-11-30 15:31:58','2022-11-30 15:31:58'),(151,'2019-05-31',2.302890,'2022-11-30 15:31:58','2022-11-30 15:31:58'),(152,'2019-06-01',2.302980,'2022-11-30 15:31:58','2022-11-30 15:31:58'),(153,'2019-06-02',2.303070,'2022-11-30 15:31:58','2022-11-30 15:31:58'),(154,'2019-06-03',2.303160,'2022-11-30 15:31:58','2022-11-30 15:31:58'),(155,'2019-06-04',2.303250,'2022-11-30 15:31:58','2022-11-30 15:31:58'),(156,'2019-06-05',2.303340,'2022-11-30 15:31:58','2022-11-30 15:31:58'),(157,'2019-06-06',2.303430,'2022-11-30 15:31:58','2022-11-30 15:31:58'),(158,'2019-06-07',2.303520,'2022-11-30 15:31:58','2022-11-30 15:31:58'),(159,'2019-06-08',2.303610,'2022-11-30 15:31:58','2022-11-30 15:31:58'),(160,'2019-06-09',2.303700,'2022-11-30 15:31:58','2022-11-30 15:31:58'),(161,'2019-06-10',2.303790,'2022-11-30 15:31:58','2022-11-30 15:31:58'),(162,'2019-06-11',2.303900,'2022-11-30 15:31:58','2022-11-30 15:31:58'),(163,'2019-06-12',2.304010,'2022-11-30 15:31:58','2022-11-30 15:31:58'),(164,'2019-06-13',2.304120,'2022-11-30 15:31:58','2022-11-30 15:31:58'),(165,'2019-06-14',2.304230,'2022-11-30 15:31:58','2022-11-30 15:31:58'),(166,'2019-06-15',2.304340,'2022-11-30 15:31:58','2022-11-30 15:31:58'),(167,'2019-06-16',2.304450,'2022-11-30 15:31:58','2022-11-30 15:31:58'),(168,'2019-06-17',2.304560,'2022-11-30 15:31:58','2022-11-30 15:31:58'),(169,'2019-06-18',2.304670,'2022-11-30 15:31:58','2022-11-30 15:31:58'),(170,'2019-06-19',2.304780,'2022-11-30 15:31:58','2022-11-30 15:31:58'),(171,'2019-06-20',2.304890,'2022-11-30 15:31:58','2022-11-30 15:31:58'),(172,'2019-06-21',2.305000,'2022-11-30 15:31:58','2022-11-30 15:31:58'),(173,'2019-06-22',2.305110,'2022-11-30 15:31:58','2022-11-30 15:31:58'),(174,'2019-06-23',2.305220,'2022-11-30 15:31:58','2022-11-30 15:31:58'),(175,'2019-06-24',2.305330,'2022-11-30 15:31:58','2022-11-30 15:31:58'),(176,'2019-06-25',2.305440,'2022-11-30 15:31:58','2022-11-30 15:31:58'),(177,'2019-06-26',2.305550,'2022-11-30 15:31:58','2022-11-30 15:31:58'),(178,'2019-06-27',2.305660,'2022-11-30 15:31:58','2022-11-30 15:31:58'),(179,'2019-06-28',2.305770,'2022-11-30 15:31:58','2022-11-30 15:31:58'),(180,'2019-06-29',2.305880,'2022-11-30 15:31:58','2022-11-30 15:31:58'),(181,'2019-06-30',2.305990,'2022-11-30 15:31:59','2022-11-30 15:31:59'),(182,'2019-07-01',2.306090,'2022-11-30 15:31:59','2022-11-30 15:31:59'),(183,'2019-07-02',2.306190,'2022-11-30 15:31:59','2022-11-30 15:31:59'),(184,'2019-07-03',2.306290,'2022-11-30 15:31:59','2022-11-30 15:31:59'),(185,'2019-07-04',2.306390,'2022-11-30 15:31:59','2022-11-30 15:31:59'),(186,'2019-07-05',2.306490,'2022-11-30 15:31:59','2022-11-30 15:31:59'),(187,'2019-07-06',2.306590,'2022-11-30 15:31:59','2022-11-30 15:31:59'),(188,'2019-07-07',2.306690,'2022-11-30 15:31:59','2022-11-30 15:31:59'),(189,'2019-07-08',2.306790,'2022-11-30 15:31:59','2022-11-30 15:31:59'),(190,'2019-07-09',2.306890,'2022-11-30 15:31:59','2022-11-30 15:31:59'),(191,'2019-07-10',2.306990,'2022-11-30 15:31:59','2022-11-30 15:31:59'),(192,'2019-07-11',2.307100,'2022-11-30 15:31:59','2022-11-30 15:31:59'),(193,'2019-07-12',2.307210,'2022-11-30 15:31:59','2022-11-30 15:31:59'),(194,'2019-07-13',2.307320,'2022-11-30 15:31:59','2022-11-30 15:31:59'),(195,'2019-07-14',2.307430,'2022-11-30 15:31:59','2022-11-30 15:31:59'),(196,'2019-07-15',2.307540,'2022-11-30 15:31:59','2022-11-30 15:31:59'),(197,'2019-07-16',2.307650,'2022-11-30 15:31:59','2022-11-30 15:31:59'),(198,'2019-07-17',2.307760,'2022-11-30 15:31:59','2022-11-30 15:31:59'),(199,'2019-07-18',2.307870,'2022-11-30 15:31:59','2022-11-30 15:31:59'),(200,'2019-07-19',2.307980,'2022-11-30 15:31:59','2022-11-30 15:31:59'),(201,'2019-07-20',2.308090,'2022-11-30 15:31:59','2022-11-30 15:31:59'),(202,'2019-07-21',2.308200,'2022-11-30 15:31:59','2022-11-30 15:31:59'),(203,'2019-07-22',2.308310,'2022-11-30 15:31:59','2022-11-30 15:31:59'),(204,'2019-07-23',2.308420,'2022-11-30 15:31:59','2022-11-30 15:31:59'),(205,'2019-07-24',2.308530,'2022-11-30 15:31:59','2022-11-30 15:31:59'),(206,'2019-07-25',2.308640,'2022-11-30 15:31:59','2022-11-30 15:31:59'),(207,'2019-07-26',2.308750,'2022-11-30 15:31:59','2022-11-30 15:31:59'),(208,'2019-07-27',2.308860,'2022-11-30 15:31:59','2022-11-30 15:31:59'),(209,'2019-07-28',2.308970,'2022-11-30 15:31:59','2022-11-30 15:31:59'),(210,'2019-07-29',2.309080,'2022-11-30 15:31:59','2022-11-30 15:31:59'),(211,'2019-07-30',2.309190,'2022-11-30 15:31:59','2022-11-30 15:31:59'),(212,'2019-07-31',2.309300,'2022-11-30 15:31:59','2022-11-30 15:31:59'),(213,'2019-08-01',2.309410,'2022-11-30 15:31:59','2022-11-30 15:31:59'),(214,'2019-08-02',2.309520,'2022-11-30 15:31:59','2022-11-30 15:31:59'),(215,'2019-08-03',2.309630,'2022-11-30 15:31:59','2022-11-30 15:31:59'),(216,'2019-08-04',2.309740,'2022-11-30 15:31:59','2022-11-30 15:31:59'),(217,'2019-08-05',2.309850,'2022-11-30 15:31:59','2022-11-30 15:31:59'),(218,'2019-08-06',2.309960,'2022-11-30 15:31:59','2022-11-30 15:31:59'),(219,'2019-08-07',2.310070,'2022-11-30 15:31:59','2022-11-30 15:31:59'),(220,'2019-08-08',2.310180,'2022-11-30 15:31:59','2022-11-30 15:31:59'),(221,'2019-08-09',2.310290,'2022-11-30 15:31:59','2022-11-30 15:31:59'),(222,'2019-08-10',2.310400,'2022-11-30 15:31:59','2022-11-30 15:31:59'),(223,'2019-08-11',2.310520,'2022-11-30 15:31:59','2022-11-30 15:31:59'),(224,'2019-08-12',2.310640,'2022-11-30 15:31:59','2022-11-30 15:31:59'),(225,'2019-08-13',2.310760,'2022-11-30 15:31:59','2022-11-30 15:31:59'),(226,'2019-08-14',2.310880,'2022-11-30 15:31:59','2022-11-30 15:31:59'),(227,'2019-08-15',2.311000,'2022-11-30 15:31:59','2022-11-30 15:31:59'),(228,'2019-08-16',2.311120,'2022-11-30 15:31:59','2022-11-30 15:31:59'),(229,'2019-08-17',2.311240,'2022-11-30 15:31:59','2022-11-30 15:31:59'),(230,'2019-08-18',2.311360,'2022-11-30 15:31:59','2022-11-30 15:31:59'),(231,'2019-08-19',2.311480,'2022-11-30 15:31:59','2022-11-30 15:31:59'),(232,'2019-08-20',2.311600,'2022-11-30 15:31:59','2022-11-30 15:31:59'),(233,'2019-08-21',2.311720,'2022-11-30 15:31:59','2022-11-30 15:31:59'),(234,'2019-08-22',2.311840,'2022-11-30 15:31:59','2022-11-30 15:31:59'),(235,'2019-08-23',2.311960,'2022-11-30 15:31:59','2022-11-30 15:31:59'),(236,'2019-08-24',2.312080,'2022-11-30 15:31:59','2022-11-30 15:31:59'),(237,'2019-08-25',2.312200,'2022-11-30 15:31:59','2022-11-30 15:31:59'),(238,'2019-08-26',2.312320,'2022-11-30 15:31:59','2022-11-30 15:31:59'),(239,'2019-08-27',2.312440,'2022-11-30 15:31:59','2022-11-30 15:31:59'),(240,'2019-08-28',2.312560,'2022-11-30 15:31:59','2022-11-30 15:31:59'),(241,'2019-08-29',2.312680,'2022-11-30 15:31:59','2022-11-30 15:31:59'),(242,'2019-08-30',2.312800,'2022-11-30 15:31:59','2022-11-30 15:31:59'),(243,'2019-08-31',2.312920,'2022-11-30 15:31:59','2022-11-30 15:31:59'),(244,'2019-09-01',2.313040,'2022-11-30 15:31:59','2022-11-30 15:31:59'),(245,'2019-09-02',2.313160,'2022-11-30 15:31:59','2022-11-30 15:31:59'),(246,'2019-09-03',2.313280,'2022-11-30 15:31:59','2022-11-30 15:31:59'),(247,'2019-09-04',2.313400,'2022-11-30 15:31:59','2022-11-30 15:31:59'),(248,'2019-09-05',2.313520,'2022-11-30 15:31:59','2022-11-30 15:31:59'),(249,'2019-09-06',2.313640,'2022-11-30 15:31:59','2022-11-30 15:31:59'),(250,'2019-09-07',2.313760,'2022-11-30 15:31:59','2022-11-30 15:31:59'),(251,'2019-09-08',2.313880,'2022-11-30 15:31:59','2022-11-30 15:31:59'),(252,'2019-09-09',2.314000,'2022-11-30 15:31:59','2022-11-30 15:31:59'),(253,'2019-09-10',2.314120,'2022-11-30 15:31:59','2022-11-30 15:31:59'),(254,'2019-09-11',2.314260,'2022-11-30 15:31:59','2022-11-30 15:31:59'),(255,'2019-09-12',2.314400,'2022-11-30 15:31:59','2022-11-30 15:31:59'),(256,'2019-09-13',2.314540,'2022-11-30 15:31:59','2022-11-30 15:31:59'),(257,'2019-09-14',2.314680,'2022-11-30 15:31:59','2022-11-30 15:31:59'),(258,'2019-09-15',2.314820,'2022-11-30 15:31:59','2022-11-30 15:31:59'),(259,'2019-09-16',2.314960,'2022-11-30 15:31:59','2022-11-30 15:31:59'),(260,'2019-09-17',2.315100,'2022-11-30 15:31:59','2022-11-30 15:31:59'),(261,'2019-09-18',2.315240,'2022-11-30 15:31:59','2022-11-30 15:31:59'),(262,'2019-09-19',2.315380,'2022-11-30 15:31:59','2022-11-30 15:31:59'),(263,'2019-09-20',2.315520,'2022-11-30 15:31:59','2022-11-30 15:31:59'),(264,'2019-09-21',2.315660,'2022-11-30 15:31:59','2022-11-30 15:31:59'),(265,'2019-09-22',2.315800,'2022-11-30 15:31:59','2022-11-30 15:31:59'),(266,'2019-09-23',2.315940,'2022-11-30 15:31:59','2022-11-30 15:31:59'),(267,'2019-09-24',2.316080,'2022-11-30 15:31:59','2022-11-30 15:31:59'),(268,'2019-09-25',2.316220,'2022-11-30 15:31:59','2022-11-30 15:31:59'),(269,'2019-09-26',2.316360,'2022-11-30 15:31:59','2022-11-30 15:31:59'),(270,'2019-09-27',2.316500,'2022-11-30 15:31:59','2022-11-30 15:31:59'),(271,'2019-09-28',2.316640,'2022-11-30 15:31:59','2022-11-30 15:31:59'),(272,'2019-09-29',2.316780,'2022-11-30 15:31:59','2022-11-30 15:31:59'),(273,'2019-09-30',2.316920,'2022-11-30 15:31:59','2022-11-30 15:31:59'),(274,'2019-10-01',2.317060,'2022-11-30 15:31:59','2022-11-30 15:31:59'),(275,'2019-10-02',2.317200,'2022-11-30 15:31:59','2022-11-30 15:31:59'),(276,'2019-10-03',2.317340,'2022-11-30 15:31:59','2022-11-30 15:31:59'),(277,'2019-10-04',2.317480,'2022-11-30 15:31:59','2022-11-30 15:31:59'),(278,'2019-10-05',2.317620,'2022-11-30 15:31:59','2022-11-30 15:31:59'),(279,'2019-10-06',2.317760,'2022-11-30 15:31:59','2022-11-30 15:31:59'),(280,'2019-10-07',2.317900,'2022-11-30 15:31:59','2022-11-30 15:31:59'),(281,'2019-10-08',2.318040,'2022-11-30 15:31:59','2022-11-30 15:31:59'),(282,'2019-10-09',2.318180,'2022-11-30 15:31:59','2022-11-30 15:31:59'),(283,'2019-10-10',2.318320,'2022-11-30 15:31:59','2022-11-30 15:31:59'),(284,'2019-10-11',2.318460,'2022-11-30 15:31:59','2022-11-30 15:31:59'),(285,'2019-10-12',2.318600,'2022-11-30 15:31:59','2022-11-30 15:31:59'),(286,'2019-10-13',2.318740,'2022-11-30 15:31:59','2022-11-30 15:31:59'),(287,'2019-10-14',2.318880,'2022-11-30 15:31:59','2022-11-30 15:31:59'),(288,'2019-10-15',2.319020,'2022-11-30 15:31:59','2022-11-30 15:31:59'),(289,'2019-10-16',2.319160,'2022-11-30 15:31:59','2022-11-30 15:31:59'),(290,'2019-10-17',2.319300,'2022-11-30 15:31:59','2022-11-30 15:31:59'),(291,'2019-10-18',2.319440,'2022-11-30 15:31:59','2022-11-30 15:31:59'),(292,'2019-10-19',2.319580,'2022-11-30 15:31:59','2022-11-30 15:31:59'),(293,'2019-10-20',2.319720,'2022-11-30 15:31:59','2022-11-30 15:31:59'),(294,'2019-10-21',2.319860,'2022-11-30 15:31:59','2022-11-30 15:31:59'),(295,'2019-10-22',2.320000,'2022-11-30 15:31:59','2022-11-30 15:31:59'),(296,'2019-10-23',2.320140,'2022-11-30 15:31:59','2022-11-30 15:31:59'),(297,'2019-10-24',2.320280,'2022-11-30 15:31:59','2022-11-30 15:31:59'),(298,'2019-10-25',2.320420,'2022-11-30 15:31:59','2022-11-30 15:31:59'),(299,'2019-10-26',2.320560,'2022-11-30 15:31:59','2022-11-30 15:31:59'),(300,'2019-10-27',2.320700,'2022-11-30 15:31:59','2022-11-30 15:31:59'),(301,'2019-10-28',2.320840,'2022-11-30 15:31:59','2022-11-30 15:31:59'),(302,'2019-10-29',2.320980,'2022-11-30 15:31:59','2022-11-30 15:31:59'),(303,'2019-10-30',2.321120,'2022-11-30 15:31:59','2022-11-30 15:31:59'),(304,'2019-10-31',2.321260,'2022-11-30 15:31:59','2022-11-30 15:31:59'),(305,'2019-11-01',2.321400,'2022-11-30 15:31:59','2022-11-30 15:31:59'),(306,'2019-11-02',2.321540,'2022-11-30 15:31:59','2022-11-30 15:31:59'),(307,'2019-11-03',2.321680,'2022-11-30 15:31:59','2022-11-30 15:31:59'),(308,'2019-11-04',2.321820,'2022-11-30 15:31:59','2022-11-30 15:31:59'),(309,'2019-11-05',2.321960,'2022-11-30 15:31:59','2022-11-30 15:31:59'),(310,'2019-11-06',2.322100,'2022-11-30 15:31:59','2022-11-30 15:31:59'),(311,'2019-11-07',2.322240,'2022-11-30 15:31:59','2022-11-30 15:31:59'),(312,'2019-11-08',2.322380,'2022-11-30 15:31:59','2022-11-30 15:31:59'),(313,'2019-11-09',2.322520,'2022-11-30 15:31:59','2022-11-30 15:31:59'),(314,'2019-11-10',2.322660,'2022-11-30 15:31:59','2022-11-30 15:31:59'),(315,'2019-11-11',2.322820,'2022-11-30 15:31:59','2022-11-30 15:31:59'),(316,'2019-11-12',2.322980,'2022-11-30 15:31:59','2022-11-30 15:31:59'),(317,'2019-11-13',2.323140,'2022-11-30 15:31:59','2022-11-30 15:31:59'),(318,'2019-11-14',2.323300,'2022-11-30 15:31:59','2022-11-30 15:31:59'),(319,'2019-11-15',2.323460,'2022-11-30 15:31:59','2022-11-30 15:31:59'),(320,'2019-11-16',2.323620,'2022-11-30 15:31:59','2022-11-30 15:31:59'),(321,'2019-11-17',2.323780,'2022-11-30 15:31:59','2022-11-30 15:31:59'),(322,'2019-11-18',2.323940,'2022-11-30 15:31:59','2022-11-30 15:31:59'),(323,'2019-11-19',2.324100,'2022-11-30 15:31:59','2022-11-30 15:31:59'),(324,'2019-11-20',2.324260,'2022-11-30 15:31:59','2022-11-30 15:31:59'),(325,'2019-11-21',2.324420,'2022-11-30 15:31:59','2022-11-30 15:31:59'),(326,'2019-11-22',2.324580,'2022-11-30 15:31:59','2022-11-30 15:31:59'),(327,'2019-11-23',2.324740,'2022-11-30 15:31:59','2022-11-30 15:31:59'),(328,'2019-11-24',2.324900,'2022-11-30 15:31:59','2022-11-30 15:31:59'),(329,'2019-11-25',2.325060,'2022-11-30 15:31:59','2022-11-30 15:31:59'),(330,'2019-11-26',2.325220,'2022-11-30 15:31:59','2022-11-30 15:31:59'),(331,'2019-11-27',2.325380,'2022-11-30 15:31:59','2022-11-30 15:31:59'),(332,'2019-11-28',2.325540,'2022-11-30 15:31:59','2022-11-30 15:31:59'),(333,'2019-11-29',2.325700,'2022-11-30 15:31:59','2022-11-30 15:31:59'),(334,'2019-11-30',2.325860,'2022-11-30 15:31:59','2022-11-30 15:31:59'),(335,'2019-12-01',2.326020,'2022-11-30 15:31:59','2022-11-30 15:31:59'),(336,'2019-12-02',2.326180,'2022-11-30 15:31:59','2022-11-30 15:31:59'),(337,'2019-12-03',2.326340,'2022-11-30 15:31:59','2022-11-30 15:31:59'),(338,'2019-12-04',2.326500,'2022-11-30 15:31:59','2022-11-30 15:31:59'),(339,'2019-12-05',2.326660,'2022-11-30 15:31:59','2022-11-30 15:31:59'),(340,'2019-12-06',2.326820,'2022-11-30 15:31:59','2022-11-30 15:31:59'),(341,'2019-12-07',2.326980,'2022-11-30 15:31:59','2022-11-30 15:31:59'),(342,'2019-12-08',2.327140,'2022-11-30 15:31:59','2022-11-30 15:31:59'),(343,'2019-12-09',2.327300,'2022-11-30 15:31:59','2022-11-30 15:31:59'),(344,'2019-12-10',2.327460,'2022-11-30 15:31:59','2022-11-30 15:31:59'),(345,'2019-12-11',2.327670,'2022-11-30 15:31:59','2022-11-30 15:31:59'),(346,'2019-12-12',2.327880,'2022-11-30 15:31:59','2022-11-30 15:31:59'),(347,'2019-12-13',2.328090,'2022-11-30 15:31:59','2022-11-30 15:31:59'),(348,'2019-12-14',2.328300,'2022-11-30 15:31:59','2022-11-30 15:31:59'),(349,'2019-12-15',2.328510,'2022-11-30 15:31:59','2022-11-30 15:31:59'),(350,'2019-12-16',2.328720,'2022-11-30 15:31:59','2022-11-30 15:31:59'),(351,'2019-12-17',2.328930,'2022-11-30 15:31:59','2022-11-30 15:31:59'),(352,'2019-12-18',2.329140,'2022-11-30 15:31:59','2022-11-30 15:31:59'),(353,'2019-12-19',2.329350,'2022-11-30 15:31:59','2022-11-30 15:31:59'),(354,'2019-12-20',2.329560,'2022-11-30 15:31:59','2022-11-30 15:31:59'),(355,'2019-12-21',2.329770,'2022-11-30 15:31:59','2022-11-30 15:31:59'),(356,'2019-12-22',2.329980,'2022-11-30 15:31:59','2022-11-30 15:31:59'),(357,'2019-12-23',2.330190,'2022-11-30 15:31:59','2022-11-30 15:31:59'),(358,'2019-12-24',2.330400,'2022-11-30 15:31:59','2022-11-30 15:31:59'),(359,'2019-12-25',2.330610,'2022-11-30 15:31:59','2022-11-30 15:31:59'),(360,'2019-12-26',2.330820,'2022-11-30 15:31:59','2022-11-30 15:31:59'),(361,'2019-12-27',2.331030,'2022-11-30 15:31:59','2022-11-30 15:31:59'),(362,'2019-12-28',2.331240,'2022-11-30 15:31:59','2022-11-30 15:31:59'),(363,'2019-12-29',2.331450,'2022-11-30 15:31:59','2022-11-30 15:31:59'),(364,'2019-12-30',2.331660,'2022-11-30 15:31:59','2022-11-30 15:31:59'),(365,'2019-12-31',2.331870,'2022-11-30 15:31:59','2022-11-30 15:31:59'),(366,'2020-01-01',2.332080,'2022-11-30 15:31:59','2022-11-30 15:31:59'),(367,'2020-01-02',2.332290,'2022-11-30 15:31:59','2022-11-30 15:31:59'),(368,'2020-01-03',2.332500,'2022-11-30 15:31:59','2022-11-30 15:31:59'),(369,'2020-01-04',2.332710,'2022-11-30 15:31:59','2022-11-30 15:31:59'),(370,'2020-01-05',2.332920,'2022-11-30 15:31:59','2022-11-30 15:31:59'),(371,'2020-01-06',2.333130,'2022-11-30 15:31:59','2022-11-30 15:31:59'),(372,'2020-01-07',2.333340,'2022-11-30 15:31:59','2022-11-30 15:31:59'),(373,'2020-01-08',2.333550,'2022-11-30 15:31:59','2022-11-30 15:31:59'),(374,'2020-01-09',2.333760,'2022-11-30 15:31:59','2022-11-30 15:31:59'),(375,'2020-01-10',2.333970,'2022-11-30 15:31:59','2022-11-30 15:31:59'),(376,'2020-01-11',2.334060,'2022-11-30 15:31:59','2022-11-30 15:31:59'),(377,'2020-01-12',2.334150,'2022-11-30 15:31:59','2022-11-30 15:31:59'),(378,'2020-01-13',2.334240,'2022-11-30 15:31:59','2022-11-30 15:31:59'),(379,'2020-01-14',2.334330,'2022-11-30 15:31:59','2022-11-30 15:31:59'),(380,'2020-01-15',2.334420,'2022-11-30 15:31:59','2022-11-30 15:31:59'),(381,'2020-01-16',2.334510,'2022-11-30 15:31:59','2022-11-30 15:31:59'),(382,'2020-01-17',2.334600,'2022-11-30 15:31:59','2022-11-30 15:31:59'),(383,'2020-01-18',2.334690,'2022-11-30 15:31:59','2022-11-30 15:31:59'),(384,'2020-01-19',2.334780,'2022-11-30 15:31:59','2022-11-30 15:31:59'),(385,'2020-01-20',2.334870,'2022-11-30 15:31:59','2022-11-30 15:31:59'),(386,'2020-01-21',2.334960,'2022-11-30 15:31:59','2022-11-30 15:31:59'),(387,'2020-01-22',2.335050,'2022-11-30 15:31:59','2022-11-30 15:31:59'),(388,'2020-01-23',2.335140,'2022-11-30 15:31:59','2022-11-30 15:31:59'),(389,'2020-01-24',2.335230,'2022-11-30 15:31:59','2022-11-30 15:31:59'),(390,'2020-01-25',2.335320,'2022-11-30 15:31:59','2022-11-30 15:31:59'),(391,'2020-01-26',2.335410,'2022-11-30 15:31:59','2022-11-30 15:31:59'),(392,'2020-01-27',2.335500,'2022-11-30 15:31:59','2022-11-30 15:31:59'),(393,'2020-01-28',2.335590,'2022-11-30 15:31:59','2022-11-30 15:31:59'),(394,'2020-01-29',2.335680,'2022-11-30 15:31:59','2022-11-30 15:31:59'),(395,'2020-01-30',2.335770,'2022-11-30 15:31:59','2022-11-30 15:31:59'),(396,'2020-01-31',2.335860,'2022-11-30 15:31:59','2022-11-30 15:31:59'),(397,'2020-02-01',2.335960,'2022-11-30 15:31:59','2022-11-30 15:31:59'),(398,'2020-02-02',2.336060,'2022-11-30 15:31:59','2022-11-30 15:31:59'),(399,'2020-02-03',2.336160,'2022-11-30 15:31:59','2022-11-30 15:31:59'),(400,'2020-02-04',2.336260,'2022-11-30 15:31:59','2022-11-30 15:31:59'),(401,'2020-02-05',2.336360,'2022-11-30 15:31:59','2022-11-30 15:31:59'),(402,'2020-02-06',2.336460,'2022-11-30 15:31:59','2022-11-30 15:31:59'),(403,'2020-02-07',2.336560,'2022-11-30 15:31:59','2022-11-30 15:31:59'),(404,'2020-02-08',2.336660,'2022-11-30 15:31:59','2022-11-30 15:31:59'),(405,'2020-02-09',2.336760,'2022-11-30 15:31:59','2022-11-30 15:31:59'),(406,'2020-02-10',2.336860,'2022-11-30 15:31:59','2022-11-30 15:31:59'),(407,'2020-02-11',2.336940,'2022-11-30 15:31:59','2022-11-30 15:31:59'),(408,'2020-02-12',2.337020,'2022-11-30 15:31:59','2022-11-30 15:31:59'),(409,'2020-02-13',2.337100,'2022-11-30 15:31:59','2022-11-30 15:31:59'),(410,'2020-02-14',2.337180,'2022-11-30 15:31:59','2022-11-30 15:31:59'),(411,'2020-02-15',2.337260,'2022-11-30 15:31:59','2022-11-30 15:31:59'),(412,'2020-02-16',2.337340,'2022-11-30 15:31:59','2022-11-30 15:31:59'),(413,'2020-02-17',2.337420,'2022-11-30 15:31:59','2022-11-30 15:31:59'),(414,'2020-02-18',2.337500,'2022-11-30 15:31:59','2022-11-30 15:31:59'),(415,'2020-02-19',2.337580,'2022-11-30 15:31:59','2022-11-30 15:31:59'),(416,'2020-02-20',2.337660,'2022-11-30 15:31:59','2022-11-30 15:31:59'),(417,'2020-02-21',2.337740,'2022-11-30 15:31:59','2022-11-30 15:31:59'),(418,'2020-02-22',2.337820,'2022-11-30 15:31:59','2022-11-30 15:31:59'),(419,'2020-02-23',2.337900,'2022-11-30 15:31:59','2022-11-30 15:31:59'),(420,'2020-02-24',2.337980,'2022-11-30 15:31:59','2022-11-30 15:31:59'),(421,'2020-02-25',2.338060,'2022-11-30 15:31:59','2022-11-30 15:31:59'),(422,'2020-02-26',2.338140,'2022-11-30 15:31:59','2022-11-30 15:31:59'),(423,'2020-02-27',2.338220,'2022-11-30 15:31:59','2022-11-30 15:31:59'),(424,'2020-02-28',2.338300,'2022-11-30 15:31:59','2022-11-30 15:31:59'),(425,'2020-02-29',2.338380,'2022-11-30 15:31:59','2022-11-30 15:31:59'),(426,'2020-03-01',2.338460,'2022-11-30 15:31:59','2022-11-30 15:31:59'),(427,'2020-03-02',2.338540,'2022-11-30 15:31:59','2022-11-30 15:31:59'),(428,'2020-03-03',2.338620,'2022-11-30 15:31:59','2022-11-30 15:31:59'),(429,'2020-03-04',2.338700,'2022-11-30 15:31:59','2022-11-30 15:31:59'),(430,'2020-03-05',2.338780,'2022-11-30 15:31:59','2022-11-30 15:31:59'),(431,'2020-03-06',2.338860,'2022-11-30 15:31:59','2022-11-30 15:31:59'),(432,'2020-03-07',2.338940,'2022-11-30 15:32:00','2022-11-30 15:32:00'),(433,'2020-03-08',2.339020,'2022-11-30 15:32:00','2022-11-30 15:32:00'),(434,'2020-03-09',2.339100,'2022-11-30 15:32:00','2022-11-30 15:32:00'),(435,'2020-03-10',2.339180,'2022-11-30 15:32:00','2022-11-30 15:32:00'),(436,'2020-03-11',2.339260,'2022-11-30 15:32:00','2022-11-30 15:32:00'),(437,'2020-03-12',2.339340,'2022-11-30 15:32:00','2022-11-30 15:32:00'),(438,'2020-03-13',2.339420,'2022-11-30 15:32:00','2022-11-30 15:32:00'),(439,'2020-03-14',2.339500,'2022-11-30 15:32:00','2022-11-30 15:32:00'),(440,'2020-03-15',2.339580,'2022-11-30 15:32:00','2022-11-30 15:32:00'),(441,'2020-03-16',2.339660,'2022-11-30 15:32:00','2022-11-30 15:32:00'),(442,'2020-03-17',2.339740,'2022-11-30 15:32:00','2022-11-30 15:32:00'),(443,'2020-03-18',2.339820,'2022-11-30 15:32:00','2022-11-30 15:32:00'),(444,'2020-03-19',2.339900,'2022-11-30 15:32:00','2022-11-30 15:32:00'),(445,'2020-03-20',2.339980,'2022-11-30 15:32:00','2022-11-30 15:32:00'),(446,'2020-03-21',2.340060,'2022-11-30 15:32:00','2022-11-30 15:32:00'),(447,'2020-03-22',2.340140,'2022-11-30 15:32:00','2022-11-30 15:32:00'),(448,'2020-03-23',2.340220,'2022-11-30 15:32:00','2022-11-30 15:32:00'),(449,'2020-03-24',2.340300,'2022-11-30 15:32:00','2022-11-30 15:32:00'),(450,'2020-03-25',2.340380,'2022-11-30 15:32:00','2022-11-30 15:32:00'),(451,'2020-03-26',2.340460,'2022-11-30 15:32:00','2022-11-30 15:32:00'),(452,'2020-03-27',2.340540,'2022-11-30 15:32:00','2022-11-30 15:32:00'),(453,'2020-03-28',2.340620,'2022-11-30 15:32:00','2022-11-30 15:32:00'),(454,'2020-03-29',2.340700,'2022-11-30 15:32:00','2022-11-30 15:32:00'),(455,'2020-03-30',2.340780,'2022-11-30 15:32:00','2022-11-30 15:32:00'),(456,'2020-03-31',2.340860,'2022-11-30 15:32:00','2022-11-30 15:32:00'),(457,'2020-04-01',2.340940,'2022-11-30 15:32:00','2022-11-30 15:32:00'),(458,'2020-04-02',2.341020,'2022-11-30 15:32:00','2022-11-30 15:32:00'),(459,'2020-04-03',2.341100,'2022-11-30 15:32:00','2022-11-30 15:32:00'),(460,'2020-04-04',2.341180,'2022-11-30 15:32:00','2022-11-30 15:32:00'),(461,'2020-04-05',2.341260,'2022-11-30 15:32:00','2022-11-30 15:32:00'),(462,'2020-04-06',2.341340,'2022-11-30 15:32:00','2022-11-30 15:32:00'),(463,'2020-04-07',2.341420,'2022-11-30 15:32:00','2022-11-30 15:32:00'),(464,'2020-04-08',2.341500,'2022-11-30 15:32:00','2022-11-30 15:32:00'),(465,'2020-04-09',2.341580,'2022-11-30 15:32:00','2022-11-30 15:32:00'),(466,'2020-04-10',2.341660,'2022-11-30 15:32:00','2022-11-30 15:32:00'),(467,'2020-04-11',2.341750,'2022-11-30 15:32:00','2022-11-30 15:32:00'),(468,'2020-04-12',2.341840,'2022-11-30 15:32:00','2022-11-30 15:32:00'),(469,'2020-04-13',2.341930,'2022-11-30 15:32:00','2022-11-30 15:32:00'),(470,'2020-04-14',2.342020,'2022-11-30 15:32:00','2022-11-30 15:32:00'),(471,'2020-04-15',2.342110,'2022-11-30 15:32:00','2022-11-30 15:32:00'),(472,'2020-04-16',2.342200,'2022-11-30 15:32:00','2022-11-30 15:32:00'),(473,'2020-04-17',2.342290,'2022-11-30 15:32:00','2022-11-30 15:32:00'),(474,'2020-04-18',2.342380,'2022-11-30 15:32:00','2022-11-30 15:32:00'),(475,'2020-04-19',2.342470,'2022-11-30 15:32:00','2022-11-30 15:32:00'),(476,'2020-04-20',2.342560,'2022-11-30 15:32:00','2022-11-30 15:32:00'),(477,'2020-04-21',2.342650,'2022-11-30 15:32:00','2022-11-30 15:32:00'),(478,'2020-04-22',2.342740,'2022-11-30 15:32:00','2022-11-30 15:32:00'),(479,'2020-04-23',2.342830,'2022-11-30 15:32:00','2022-11-30 15:32:00'),(480,'2020-04-24',2.342920,'2022-11-30 15:32:00','2022-11-30 15:32:00'),(481,'2020-04-25',2.343010,'2022-11-30 15:32:00','2022-11-30 15:32:00'),(482,'2020-04-26',2.343100,'2022-11-30 15:32:00','2022-11-30 15:32:00'),(483,'2020-04-27',2.343190,'2022-11-30 15:32:00','2022-11-30 15:32:00'),(484,'2020-04-28',2.343280,'2022-11-30 15:32:00','2022-11-30 15:32:00'),(485,'2020-04-29',2.343370,'2022-11-30 15:32:00','2022-11-30 15:32:00'),(486,'2020-04-30',2.343460,'2022-11-30 15:32:00','2022-11-30 15:32:00'),(487,'2020-05-01',2.343550,'2022-11-30 15:32:00','2022-11-30 15:32:00'),(488,'2020-05-02',2.343640,'2022-11-30 15:32:00','2022-11-30 15:32:00'),(489,'2020-05-03',2.343730,'2022-11-30 15:32:00','2022-11-30 15:32:00'),(490,'2020-05-04',2.343820,'2022-11-30 15:32:00','2022-11-30 15:32:00'),(491,'2020-05-05',2.343910,'2022-11-30 15:32:00','2022-11-30 15:32:00'),(492,'2020-05-06',2.344000,'2022-11-30 15:32:00','2022-11-30 15:32:00'),(493,'2020-05-07',2.344090,'2022-11-30 15:32:00','2022-11-30 15:32:00'),(494,'2020-05-08',2.344180,'2022-11-30 15:32:00','2022-11-30 15:32:00'),(495,'2020-05-09',2.344270,'2022-11-30 15:32:00','2022-11-30 15:32:00'),(496,'2020-05-10',2.344360,'2022-11-30 15:32:00','2022-11-30 15:32:00'),(497,'2020-05-11',2.344470,'2022-11-30 15:32:00','2022-11-30 15:32:00'),(498,'2020-05-12',2.344580,'2022-11-30 15:32:00','2022-11-30 15:32:00'),(499,'2020-05-13',2.344690,'2022-11-30 15:32:00','2022-11-30 15:32:00'),(500,'2020-05-14',2.344800,'2022-11-30 15:32:00','2022-11-30 15:32:00'),(501,'2020-05-15',2.344910,'2022-11-30 15:32:00','2022-11-30 15:32:00'),(502,'2020-05-16',2.345020,'2022-11-30 15:32:00','2022-11-30 15:32:00'),(503,'2020-05-17',2.345130,'2022-11-30 15:32:00','2022-11-30 15:32:00'),(504,'2020-05-18',2.345240,'2022-11-30 15:32:00','2022-11-30 15:32:00'),(505,'2020-05-19',2.345350,'2022-11-30 15:32:00','2022-11-30 15:32:00'),(506,'2020-05-20',2.345460,'2022-11-30 15:32:00','2022-11-30 15:32:00'),(507,'2020-05-21',2.345570,'2022-11-30 15:32:00','2022-11-30 15:32:00'),(508,'2020-05-22',2.345680,'2022-11-30 15:32:00','2022-11-30 15:32:00'),(509,'2020-05-23',2.345790,'2022-11-30 15:32:00','2022-11-30 15:32:00'),(510,'2020-05-24',2.345900,'2022-11-30 15:32:00','2022-11-30 15:32:00'),(511,'2020-05-25',2.346010,'2022-11-30 15:32:00','2022-11-30 15:32:00'),(512,'2020-05-26',2.346120,'2022-11-30 15:32:00','2022-11-30 15:32:00'),(513,'2020-05-27',2.346230,'2022-11-30 15:32:00','2022-11-30 15:32:00'),(514,'2020-05-28',2.346340,'2022-11-30 15:32:00','2022-11-30 15:32:00'),(515,'2020-05-29',2.346450,'2022-11-30 15:32:00','2022-11-30 15:32:00'),(516,'2020-05-30',2.346560,'2022-11-30 15:32:00','2022-11-30 15:32:00'),(517,'2020-05-31',2.346670,'2022-11-30 15:32:00','2022-11-30 15:32:00'),(518,'2020-06-01',2.346780,'2022-11-30 15:32:00','2022-11-30 15:32:00'),(519,'2020-06-02',2.346890,'2022-11-30 15:32:00','2022-11-30 15:32:00'),(520,'2020-06-03',2.347000,'2022-11-30 15:32:00','2022-11-30 15:32:00'),(521,'2020-06-04',2.347110,'2022-11-30 15:32:00','2022-11-30 15:32:00'),(522,'2020-06-05',2.347220,'2022-11-30 15:32:00','2022-11-30 15:32:00'),(523,'2020-06-06',2.347330,'2022-11-30 15:32:00','2022-11-30 15:32:00'),(524,'2020-06-07',2.347440,'2022-11-30 15:32:00','2022-11-30 15:32:00'),(525,'2020-06-08',2.347550,'2022-11-30 15:32:00','2022-11-30 15:32:00'),(526,'2020-06-09',2.347660,'2022-11-30 15:32:00','2022-11-30 15:32:00'),(527,'2020-06-10',2.347770,'2022-11-30 15:32:00','2022-11-30 15:32:00'),(528,'2020-06-11',2.347850,'2022-11-30 15:32:00','2022-11-30 15:32:00'),(529,'2020-06-12',2.347930,'2022-11-30 15:32:00','2022-11-30 15:32:00'),(530,'2020-06-13',2.348010,'2022-11-30 15:32:00','2022-11-30 15:32:00'),(531,'2020-06-14',2.348090,'2022-11-30 15:32:00','2022-11-30 15:32:00'),(532,'2020-06-15',2.348170,'2022-11-30 15:32:00','2022-11-30 15:32:00'),(533,'2020-06-16',2.348250,'2022-11-30 15:32:00','2022-11-30 15:32:00'),(534,'2020-06-17',2.348330,'2022-11-30 15:32:00','2022-11-30 15:32:00'),(535,'2020-06-18',2.348410,'2022-11-30 15:32:00','2022-11-30 15:32:00'),(536,'2020-06-19',2.348490,'2022-11-30 15:32:00','2022-11-30 15:32:00'),(537,'2020-06-20',2.348570,'2022-11-30 15:32:00','2022-11-30 15:32:00'),(538,'2020-06-21',2.348650,'2022-11-30 15:32:00','2022-11-30 15:32:00'),(539,'2020-06-22',2.348730,'2022-11-30 15:32:00','2022-11-30 15:32:00'),(540,'2020-06-23',2.348810,'2022-11-30 15:32:00','2022-11-30 15:32:00'),(541,'2020-06-24',2.348890,'2022-11-30 15:32:00','2022-11-30 15:32:00'),(542,'2020-06-25',2.348970,'2022-11-30 15:32:00','2022-11-30 15:32:00'),(543,'2020-06-26',2.349050,'2022-11-30 15:32:00','2022-11-30 15:32:00'),(544,'2020-06-27',2.349130,'2022-11-30 15:32:00','2022-11-30 15:32:00'),(545,'2020-06-28',2.349210,'2022-11-30 15:32:00','2022-11-30 15:32:00'),(546,'2020-06-29',2.349290,'2022-11-30 15:32:00','2022-11-30 15:32:00'),(547,'2020-06-30',2.349370,'2022-11-30 15:32:00','2022-11-30 15:32:00'),(548,'2020-07-01',2.349450,'2022-11-30 15:32:00','2022-11-30 15:32:00'),(549,'2020-07-02',2.349530,'2022-11-30 15:32:00','2022-11-30 15:32:00'),(550,'2020-07-03',2.349610,'2022-11-30 15:32:00','2022-11-30 15:32:00'),(551,'2020-07-04',2.349690,'2022-11-30 15:32:00','2022-11-30 15:32:00'),(552,'2020-07-05',2.349770,'2022-11-30 15:32:00','2022-11-30 15:32:00'),(553,'2020-07-06',2.349850,'2022-11-30 15:32:00','2022-11-30 15:32:00'),(554,'2020-07-07',2.349930,'2022-11-30 15:32:00','2022-11-30 15:32:00'),(555,'2020-07-08',2.350010,'2022-11-30 15:32:00','2022-11-30 15:32:00'),(556,'2020-07-09',2.350090,'2022-11-30 15:32:00','2022-11-30 15:32:00'),(557,'2020-07-10',2.350170,'2022-11-30 15:32:00','2022-11-30 15:32:00'),(558,'2020-07-11',2.350260,'2022-11-30 15:32:00','2022-11-30 15:32:00'),(559,'2020-07-12',2.350350,'2022-11-30 15:32:00','2022-11-30 15:32:00'),(560,'2020-07-13',2.350440,'2022-11-30 15:32:00','2022-11-30 15:32:00'),(561,'2020-07-14',2.350530,'2022-11-30 15:32:00','2022-11-30 15:32:00'),(562,'2020-07-15',2.350620,'2022-11-30 15:32:00','2022-11-30 15:32:00'),(563,'2020-07-16',2.350710,'2022-11-30 15:32:00','2022-11-30 15:32:00'),(564,'2020-07-17',2.350800,'2022-11-30 15:32:00','2022-11-30 15:32:00'),(565,'2020-07-18',2.350890,'2022-11-30 15:32:00','2022-11-30 15:32:00'),(566,'2020-07-19',2.350980,'2022-11-30 15:32:00','2022-11-30 15:32:00'),(567,'2020-07-20',2.351070,'2022-11-30 15:32:00','2022-11-30 15:32:00'),(568,'2020-07-21',2.351160,'2022-11-30 15:32:00','2022-11-30 15:32:00'),(569,'2020-07-22',2.351250,'2022-11-30 15:32:00','2022-11-30 15:32:00'),(570,'2020-07-23',2.351340,'2022-11-30 15:32:00','2022-11-30 15:32:00'),(571,'2020-07-24',2.351430,'2022-11-30 15:32:00','2022-11-30 15:32:00'),(572,'2020-07-25',2.351520,'2022-11-30 15:32:00','2022-11-30 15:32:00'),(573,'2020-07-26',2.351610,'2022-11-30 15:32:00','2022-11-30 15:32:00'),(574,'2020-07-27',2.351700,'2022-11-30 15:32:00','2022-11-30 15:32:00'),(575,'2020-07-28',2.351790,'2022-11-30 15:32:00','2022-11-30 15:32:00'),(576,'2020-07-29',2.351880,'2022-11-30 15:32:00','2022-11-30 15:32:00'),(577,'2020-07-30',2.351970,'2022-11-30 15:32:00','2022-11-30 15:32:00'),(578,'2020-07-31',2.352060,'2022-11-30 15:32:00','2022-11-30 15:32:00'),(579,'2020-08-01',2.352150,'2022-11-30 15:32:00','2022-11-30 15:32:00'),(580,'2020-08-02',2.352240,'2022-11-30 15:32:00','2022-11-30 15:32:00'),(581,'2020-08-03',2.352330,'2022-11-30 15:32:00','2022-11-30 15:32:00'),(582,'2020-08-04',2.352420,'2022-11-30 15:32:00','2022-11-30 15:32:00'),(583,'2020-08-05',2.352510,'2022-11-30 15:32:00','2022-11-30 15:32:00'),(584,'2020-08-06',2.352600,'2022-11-30 15:32:00','2022-11-30 15:32:00'),(585,'2020-08-07',2.352690,'2022-11-30 15:32:00','2022-11-30 15:32:00'),(586,'2020-08-08',2.352780,'2022-11-30 15:32:00','2022-11-30 15:32:00'),(587,'2020-08-09',2.352870,'2022-11-30 15:32:00','2022-11-30 15:32:00'),(588,'2020-08-10',2.352960,'2022-11-30 15:32:00','2022-11-30 15:32:00'),(589,'2020-08-11',2.353050,'2022-11-30 15:32:00','2022-11-30 15:32:00'),(590,'2020-08-12',2.353140,'2022-11-30 15:32:00','2022-11-30 15:32:00'),(591,'2020-08-13',2.353230,'2022-11-30 15:32:00','2022-11-30 15:32:00'),(592,'2020-08-14',2.353320,'2022-11-30 15:32:00','2022-11-30 15:32:00'),(593,'2020-08-15',2.353410,'2022-11-30 15:32:00','2022-11-30 15:32:00'),(594,'2020-08-16',2.353500,'2022-11-30 15:32:00','2022-11-30 15:32:00'),(595,'2020-08-17',2.353590,'2022-11-30 15:32:00','2022-11-30 15:32:00'),(596,'2020-08-18',2.353680,'2022-11-30 15:32:00','2022-11-30 15:32:00'),(597,'2020-08-19',2.353770,'2022-11-30 15:32:00','2022-11-30 15:32:00'),(598,'2020-08-20',2.353860,'2022-11-30 15:32:00','2022-11-30 15:32:00'),(599,'2020-08-21',2.353950,'2022-11-30 15:32:00','2022-11-30 15:32:00'),(600,'2020-08-22',2.354040,'2022-11-30 15:32:00','2022-11-30 15:32:00'),(601,'2020-08-23',2.354130,'2022-11-30 15:32:00','2022-11-30 15:32:00'),(602,'2020-08-24',2.354220,'2022-11-30 15:32:00','2022-11-30 15:32:00'),(603,'2020-08-25',2.354310,'2022-11-30 15:32:00','2022-11-30 15:32:00'),(604,'2020-08-26',2.354400,'2022-11-30 15:32:00','2022-11-30 15:32:00'),(605,'2020-08-27',2.354490,'2022-11-30 15:32:00','2022-11-30 15:32:00'),(606,'2020-08-28',2.354580,'2022-11-30 15:32:00','2022-11-30 15:32:00'),(607,'2020-08-29',2.354670,'2022-11-30 15:32:00','2022-11-30 15:32:00'),(608,'2020-08-30',2.354760,'2022-11-30 15:32:00','2022-11-30 15:32:00'),(609,'2020-08-31',2.354850,'2022-11-30 15:32:00','2022-11-30 15:32:00'),(610,'2020-09-01',2.354940,'2022-11-30 15:32:00','2022-11-30 15:32:00'),(611,'2020-09-02',2.355030,'2022-11-30 15:32:00','2022-11-30 15:32:00'),(612,'2020-09-03',2.355120,'2022-11-30 15:32:00','2022-11-30 15:32:00'),(613,'2020-09-04',2.355210,'2022-11-30 15:32:00','2022-11-30 15:32:00'),(614,'2020-09-05',2.355300,'2022-11-30 15:32:00','2022-11-30 15:32:00'),(615,'2020-09-06',2.355390,'2022-11-30 15:32:00','2022-11-30 15:32:00'),(616,'2020-09-07',2.355480,'2022-11-30 15:32:00','2022-11-30 15:32:00'),(617,'2020-09-08',2.355570,'2022-11-30 15:32:00','2022-11-30 15:32:00'),(618,'2020-09-09',2.355660,'2022-11-30 15:32:00','2022-11-30 15:32:00'),(619,'2020-09-10',2.355750,'2022-11-30 15:32:00','2022-11-30 15:32:00'),(620,'2020-09-11',2.355840,'2022-11-30 15:32:00','2022-11-30 15:32:00'),(621,'2020-09-12',2.355930,'2022-11-30 15:32:00','2022-11-30 15:32:00'),(622,'2020-09-13',2.356020,'2022-11-30 15:32:00','2022-11-30 15:32:00'),(623,'2020-09-14',2.356110,'2022-11-30 15:32:00','2022-11-30 15:32:00'),(624,'2020-09-15',2.356200,'2022-11-30 15:32:00','2022-11-30 15:32:00'),(625,'2020-09-16',2.356290,'2022-11-30 15:32:00','2022-11-30 15:32:00'),(626,'2020-09-17',2.356380,'2022-11-30 15:32:00','2022-11-30 15:32:00'),(627,'2020-09-18',2.356470,'2022-11-30 15:32:00','2022-11-30 15:32:00'),(628,'2020-09-19',2.356560,'2022-11-30 15:32:00','2022-11-30 15:32:00'),(629,'2020-09-20',2.356650,'2022-11-30 15:32:00','2022-11-30 15:32:00'),(630,'2020-09-21',2.356740,'2022-11-30 15:32:00','2022-11-30 15:32:00'),(631,'2020-09-22',2.356830,'2022-11-30 15:32:00','2022-11-30 15:32:00'),(632,'2020-09-23',2.356920,'2022-11-30 15:32:01','2022-11-30 15:32:01'),(633,'2020-09-24',2.357010,'2022-11-30 15:32:01','2022-11-30 15:32:01'),(634,'2020-09-25',2.357100,'2022-11-30 15:32:01','2022-11-30 15:32:01'),(635,'2020-09-26',2.357190,'2022-11-30 15:32:01','2022-11-30 15:32:01'),(636,'2020-09-27',2.357280,'2022-11-30 15:32:01','2022-11-30 15:32:01'),(637,'2020-09-28',2.357370,'2022-11-30 15:32:01','2022-11-30 15:32:01'),(638,'2020-09-29',2.357460,'2022-11-30 15:32:01','2022-11-30 15:32:01'),(639,'2020-09-30',2.357550,'2022-11-30 15:32:01','2022-11-30 15:32:01'),(640,'2020-10-01',2.357640,'2022-11-30 15:32:01','2022-11-30 15:32:01'),(641,'2020-10-02',2.357730,'2022-11-30 15:32:01','2022-11-30 15:32:01'),(642,'2020-10-03',2.357820,'2022-11-30 15:32:01','2022-11-30 15:32:01'),(643,'2020-10-04',2.357910,'2022-11-30 15:32:01','2022-11-30 15:32:01'),(644,'2020-10-05',2.358000,'2022-11-30 15:32:01','2022-11-30 15:32:01'),(645,'2020-10-06',2.358090,'2022-11-30 15:32:01','2022-11-30 15:32:01'),(646,'2020-10-07',2.358180,'2022-11-30 15:32:01','2022-11-30 15:32:01'),(647,'2020-10-08',2.358270,'2022-11-30 15:32:01','2022-11-30 15:32:01'),(648,'2020-10-09',2.358360,'2022-11-30 15:32:01','2022-11-30 15:32:01'),(649,'2020-10-10',2.358450,'2022-11-30 15:32:01','2022-11-30 15:32:01'),(650,'2020-10-11',2.358480,'2022-11-30 15:32:01','2022-11-30 15:32:01'),(651,'2020-10-12',2.358510,'2022-11-30 15:32:01','2022-11-30 15:32:01'),(652,'2020-10-13',2.358540,'2022-11-30 15:32:01','2022-11-30 15:32:01'),(653,'2020-10-14',2.358570,'2022-11-30 15:32:01','2022-11-30 15:32:01'),(654,'2020-10-15',2.358600,'2022-11-30 15:32:01','2022-11-30 15:32:01'),(655,'2020-10-16',2.358630,'2022-11-30 15:32:01','2022-11-30 15:32:01'),(656,'2020-10-17',2.358660,'2022-11-30 15:32:01','2022-11-30 15:32:01'),(657,'2020-10-18',2.358690,'2022-11-30 15:32:01','2022-11-30 15:32:01'),(658,'2020-10-19',2.358720,'2022-11-30 15:32:01','2022-11-30 15:32:01'),(659,'2020-10-20',2.358750,'2022-11-30 15:32:01','2022-11-30 15:32:01'),(660,'2020-10-21',2.358780,'2022-11-30 15:32:01','2022-11-30 15:32:01'),(661,'2020-10-22',2.358810,'2022-11-30 15:32:01','2022-11-30 15:32:01'),(662,'2020-10-23',2.358840,'2022-11-30 15:32:01','2022-11-30 15:32:01'),(663,'2020-10-24',2.358870,'2022-11-30 15:32:01','2022-11-30 15:32:01'),(664,'2020-10-25',2.358900,'2022-11-30 15:32:01','2022-11-30 15:32:01'),(665,'2020-10-26',2.358930,'2022-11-30 15:32:01','2022-11-30 15:32:01'),(666,'2020-10-27',2.358960,'2022-11-30 15:32:01','2022-11-30 15:32:01'),(667,'2020-10-28',2.358990,'2022-11-30 15:32:01','2022-11-30 15:32:01'),(668,'2020-10-29',2.359020,'2022-11-30 15:32:01','2022-11-30 15:32:01'),(669,'2020-10-30',2.359050,'2022-11-30 15:32:01','2022-11-30 15:32:01'),(670,'2020-10-31',2.359080,'2022-11-30 15:32:01','2022-11-30 15:32:01'),(671,'2020-11-01',2.359110,'2022-11-30 15:32:01','2022-11-30 15:32:01'),(672,'2020-11-02',2.359140,'2022-11-30 15:32:01','2022-11-30 15:32:01'),(673,'2020-11-03',2.359170,'2022-11-30 15:32:01','2022-11-30 15:32:01'),(674,'2020-11-04',2.359200,'2022-11-30 15:32:01','2022-11-30 15:32:01'),(675,'2020-11-05',2.359230,'2022-11-30 15:32:01','2022-11-30 15:32:01'),(676,'2020-11-06',2.359260,'2022-11-30 15:32:01','2022-11-30 15:32:01'),(677,'2020-11-07',2.359290,'2022-11-30 15:32:01','2022-11-30 15:32:01'),(678,'2020-11-08',2.359320,'2022-11-30 15:32:01','2022-11-30 15:32:01'),(679,'2020-11-09',2.359350,'2022-11-30 15:32:01','2022-11-30 15:32:01'),(680,'2020-11-10',2.359380,'2022-11-30 15:32:01','2022-11-30 15:32:01'),(681,'2020-11-11',2.359400,'2022-11-30 15:32:01','2022-11-30 15:32:01'),(682,'2020-11-12',2.359420,'2022-11-30 15:32:01','2022-11-30 15:32:01'),(683,'2020-11-13',2.359440,'2022-11-30 15:32:01','2022-11-30 15:32:01'),(684,'2020-11-14',2.359460,'2022-11-30 15:32:01','2022-11-30 15:32:01'),(685,'2020-11-15',2.359480,'2022-11-30 15:32:01','2022-11-30 15:32:01'),(686,'2020-11-16',2.359500,'2022-11-30 15:32:01','2022-11-30 15:32:01'),(687,'2020-11-17',2.359520,'2022-11-30 15:32:01','2022-11-30 15:32:01'),(688,'2020-11-18',2.359540,'2022-11-30 15:32:01','2022-11-30 15:32:01'),(689,'2020-11-19',2.359560,'2022-11-30 15:32:01','2022-11-30 15:32:01'),(690,'2020-11-20',2.359580,'2022-11-30 15:32:01','2022-11-30 15:32:01'),(691,'2020-11-21',2.359600,'2022-11-30 15:32:01','2022-11-30 15:32:01'),(692,'2020-11-22',2.359620,'2022-11-30 15:32:01','2022-11-30 15:32:01'),(693,'2020-11-23',2.359640,'2022-11-30 15:32:01','2022-11-30 15:32:01'),(694,'2020-11-24',2.359660,'2022-11-30 15:32:01','2022-11-30 15:32:01'),(695,'2020-11-25',2.359680,'2022-11-30 15:32:01','2022-11-30 15:32:01'),(696,'2020-11-26',2.359700,'2022-11-30 15:32:01','2022-11-30 15:32:01'),(697,'2020-11-27',2.359720,'2022-11-30 15:32:01','2022-11-30 15:32:01'),(698,'2020-11-28',2.359740,'2022-11-30 15:32:01','2022-11-30 15:32:01'),(699,'2020-11-29',2.359760,'2022-11-30 15:32:01','2022-11-30 15:32:01'),(700,'2020-11-30',2.359780,'2022-11-30 15:32:01','2022-11-30 15:32:01'),(701,'2020-12-01',2.359800,'2022-11-30 15:32:01','2022-11-30 15:32:01'),(702,'2020-12-02',2.359820,'2022-11-30 15:32:01','2022-11-30 15:32:01'),(703,'2020-12-03',2.359840,'2022-11-30 15:32:01','2022-11-30 15:32:01'),(704,'2020-12-04',2.359860,'2022-11-30 15:32:01','2022-11-30 15:32:01'),(705,'2020-12-05',2.359880,'2022-11-30 15:32:01','2022-11-30 15:32:01'),(706,'2020-12-06',2.359900,'2022-11-30 15:32:01','2022-11-30 15:32:01'),(707,'2020-12-07',2.359920,'2022-11-30 15:32:01','2022-11-30 15:32:01'),(708,'2020-12-08',2.359940,'2022-11-30 15:32:01','2022-11-30 15:32:01'),(709,'2020-12-09',2.359960,'2022-11-30 15:32:01','2022-11-30 15:32:01'),(710,'2020-12-10',2.359980,'2022-11-30 15:32:01','2022-11-30 15:32:01'),(711,'2020-12-11',2.359910,'2022-11-30 15:32:01','2022-11-30 15:32:01'),(712,'2020-12-12',2.359840,'2022-11-30 15:32:01','2022-11-30 15:32:01'),(713,'2020-12-13',2.359770,'2022-11-30 15:32:01','2022-11-30 15:32:01'),(714,'2020-12-14',2.359700,'2022-11-30 15:32:01','2022-11-30 15:32:01'),(715,'2020-12-15',2.359630,'2022-11-30 15:32:01','2022-11-30 15:32:01'),(716,'2020-12-16',2.359560,'2022-11-30 15:32:01','2022-11-30 15:32:01'),(717,'2020-12-17',2.359490,'2022-11-30 15:32:01','2022-11-30 15:32:01'),(718,'2020-12-18',2.359420,'2022-11-30 15:32:01','2022-11-30 15:32:01'),(719,'2020-12-19',2.359350,'2022-11-30 15:32:01','2022-11-30 15:32:01'),(720,'2020-12-20',2.359280,'2022-11-30 15:32:01','2022-11-30 15:32:01'),(721,'2020-12-21',2.359210,'2022-11-30 15:32:01','2022-11-30 15:32:01'),(722,'2020-12-22',2.359140,'2022-11-30 15:32:01','2022-11-30 15:32:01'),(723,'2020-12-23',2.359070,'2022-11-30 15:32:01','2022-11-30 15:32:01'),(724,'2020-12-24',2.359000,'2022-11-30 15:32:01','2022-11-30 15:32:01'),(725,'2020-12-25',2.358930,'2022-11-30 15:32:01','2022-11-30 15:32:01'),(726,'2020-12-26',2.358860,'2022-11-30 15:32:01','2022-11-30 15:32:01'),(727,'2020-12-27',2.358790,'2022-11-30 15:32:01','2022-11-30 15:32:01'),(728,'2020-12-28',2.358720,'2022-11-30 15:32:01','2022-11-30 15:32:01'),(729,'2020-12-29',2.358650,'2022-11-30 15:32:01','2022-11-30 15:32:01'),(730,'2020-12-30',2.358580,'2022-11-30 15:32:01','2022-11-30 15:32:01'),(731,'2020-12-31',2.358510,'2022-11-30 15:32:01','2022-11-30 15:32:01'),(732,'2021-01-01',2.358440,'2022-11-30 15:32:01','2022-11-30 15:32:01'),(733,'2021-01-02',2.358370,'2022-11-30 15:32:01','2022-11-30 15:32:01'),(734,'2021-01-03',2.358300,'2022-11-30 15:32:01','2022-11-30 15:32:01'),(735,'2021-01-04',2.358230,'2022-11-30 15:32:01','2022-11-30 15:32:01'),(736,'2021-01-05',2.358160,'2022-11-30 15:32:01','2022-11-30 15:32:01'),(737,'2021-01-06',2.358090,'2022-11-30 15:32:01','2022-11-30 15:32:01'),(738,'2021-01-07',2.358020,'2022-11-30 15:32:01','2022-11-30 15:32:01'),(739,'2021-01-08',2.357950,'2022-11-30 15:32:01','2022-11-30 15:32:01'),(740,'2021-01-09',2.357880,'2022-11-30 15:32:01','2022-11-30 15:32:01'),(741,'2021-01-10',2.357810,'2022-11-30 15:32:01','2022-11-30 15:32:01'),(742,'2021-01-11',2.357850,'2022-11-30 15:32:01','2022-11-30 15:32:01'),(743,'2021-01-12',2.357890,'2022-11-30 15:32:01','2022-11-30 15:32:01'),(744,'2021-01-13',2.357930,'2022-11-30 15:32:01','2022-11-30 15:32:01'),(745,'2021-01-14',2.357970,'2022-11-30 15:32:01','2022-11-30 15:32:01'),(746,'2021-01-15',2.358010,'2022-11-30 15:32:01','2022-11-30 15:32:01'),(747,'2021-01-16',2.358050,'2022-11-30 15:32:01','2022-11-30 15:32:01'),(748,'2021-01-17',2.358090,'2022-11-30 15:32:01','2022-11-30 15:32:01'),(749,'2021-01-18',2.358130,'2022-11-30 15:32:01','2022-11-30 15:32:01'),(750,'2021-01-19',2.358170,'2022-11-30 15:32:01','2022-11-30 15:32:01'),(751,'2021-01-20',2.358210,'2022-11-30 15:32:01','2022-11-30 15:32:01'),(752,'2021-01-21',2.358250,'2022-11-30 15:32:01','2022-11-30 15:32:01'),(753,'2021-01-22',2.358290,'2022-11-30 15:32:01','2022-11-30 15:32:01'),(754,'2021-01-23',2.358330,'2022-11-30 15:32:01','2022-11-30 15:32:01'),(755,'2021-01-24',2.358370,'2022-11-30 15:32:01','2022-11-30 15:32:01'),(756,'2021-01-25',2.358410,'2022-11-30 15:32:01','2022-11-30 15:32:01'),(757,'2021-01-26',2.358450,'2022-11-30 15:32:01','2022-11-30 15:32:01'),(758,'2021-01-27',2.358490,'2022-11-30 15:32:01','2022-11-30 15:32:01'),(759,'2021-01-28',2.358530,'2022-11-30 15:32:01','2022-11-30 15:32:01'),(760,'2021-01-29',2.358570,'2022-11-30 15:32:01','2022-11-30 15:32:01'),(761,'2021-01-30',2.358610,'2022-11-30 15:32:01','2022-11-30 15:32:01'),(762,'2021-01-31',2.358650,'2022-11-30 15:32:01','2022-11-30 15:32:01'),(763,'2021-02-01',2.358700,'2022-11-30 15:32:01','2022-11-30 15:32:01'),(764,'2021-02-02',2.358750,'2022-11-30 15:32:01','2022-11-30 15:32:01'),(765,'2021-02-03',2.358800,'2022-11-30 15:32:01','2022-11-30 15:32:01'),(766,'2021-02-04',2.358850,'2022-11-30 15:32:01','2022-11-30 15:32:01'),(767,'2021-02-05',2.358900,'2022-11-30 15:32:01','2022-11-30 15:32:01'),(768,'2021-02-06',2.358950,'2022-11-30 15:32:01','2022-11-30 15:32:01'),(769,'2021-02-07',2.359000,'2022-11-30 15:32:01','2022-11-30 15:32:01'),(770,'2021-02-08',2.359050,'2022-11-30 15:32:01','2022-11-30 15:32:01'),(771,'2021-02-09',2.359100,'2022-11-30 15:32:01','2022-11-30 15:32:01'),(772,'2021-02-10',2.359150,'2022-11-30 15:32:01','2022-11-30 15:32:01'),(773,'2021-02-11',2.359230,'2022-11-30 15:32:01','2022-11-30 15:32:01'),(774,'2021-02-12',2.359310,'2022-11-30 15:32:01','2022-11-30 15:32:01'),(775,'2021-02-13',2.359390,'2022-11-30 15:32:01','2022-11-30 15:32:01'),(776,'2021-02-14',2.359470,'2022-11-30 15:32:01','2022-11-30 15:32:01'),(777,'2021-02-15',2.359550,'2022-11-30 15:32:01','2022-11-30 15:32:01'),(778,'2021-02-16',2.359630,'2022-11-30 15:32:01','2022-11-30 15:32:01'),(779,'2021-02-17',2.359710,'2022-11-30 15:32:01','2022-11-30 15:32:01'),(780,'2021-02-18',2.359790,'2022-11-30 15:32:01','2022-11-30 15:32:01'),(781,'2021-02-19',2.359870,'2022-11-30 15:32:01','2022-11-30 15:32:01'),(782,'2021-02-20',2.359950,'2022-11-30 15:32:01','2022-11-30 15:32:01'),(783,'2021-02-21',2.360030,'2022-11-30 15:32:01','2022-11-30 15:32:01'),(784,'2021-02-22',2.360110,'2022-11-30 15:32:01','2022-11-30 15:32:01'),(785,'2021-02-23',2.360190,'2022-11-30 15:32:01','2022-11-30 15:32:01'),(786,'2021-02-24',2.360270,'2022-11-30 15:32:01','2022-11-30 15:32:01'),(787,'2021-02-25',2.360350,'2022-11-30 15:32:01','2022-11-30 15:32:01'),(788,'2021-02-26',2.360430,'2022-11-30 15:32:01','2022-11-30 15:32:01'),(789,'2021-02-27',2.360510,'2022-11-30 15:32:01','2022-11-30 15:32:01'),(790,'2021-02-28',2.360590,'2022-11-30 15:32:01','2022-11-30 15:32:01'),(791,'2021-03-01',2.360660,'2022-11-30 15:32:01','2022-11-30 15:32:01'),(792,'2021-03-02',2.360730,'2022-11-30 15:32:01','2022-11-30 15:32:01'),(793,'2021-03-03',2.360800,'2022-11-30 15:32:01','2022-11-30 15:32:01'),(794,'2021-03-04',2.360870,'2022-11-30 15:32:01','2022-11-30 15:32:01'),(795,'2021-03-05',2.360940,'2022-11-30 15:32:01','2022-11-30 15:32:01'),(796,'2021-03-06',2.361010,'2022-11-30 15:32:01','2022-11-30 15:32:01'),(797,'2021-03-07',2.361080,'2022-11-30 15:32:01','2022-11-30 15:32:01'),(798,'2021-03-08',2.361150,'2022-11-30 15:32:01','2022-11-30 15:32:01'),(799,'2021-03-09',2.361220,'2022-11-30 15:32:01','2022-11-30 15:32:01'),(800,'2021-03-10',2.361290,'2022-11-30 15:32:01','2022-11-30 15:32:01'),(801,'2021-03-11',2.361380,'2022-11-30 15:32:01','2022-11-30 15:32:01'),(802,'2021-03-12',2.361470,'2022-11-30 15:32:01','2022-11-30 15:32:01'),(803,'2021-03-13',2.361560,'2022-11-30 15:32:01','2022-11-30 15:32:01'),(804,'2021-03-14',2.361650,'2022-11-30 15:32:01','2022-11-30 15:32:01'),(805,'2021-03-15',2.361740,'2022-11-30 15:32:01','2022-11-30 15:32:01'),(806,'2021-03-16',2.361830,'2022-11-30 15:32:01','2022-11-30 15:32:01'),(807,'2021-03-17',2.361920,'2022-11-30 15:32:01','2022-11-30 15:32:01'),(808,'2021-03-18',2.362010,'2022-11-30 15:32:01','2022-11-30 15:32:01'),(809,'2021-03-19',2.362100,'2022-11-30 15:32:01','2022-11-30 15:32:01'),(810,'2021-03-20',2.362190,'2022-11-30 15:32:01','2022-11-30 15:32:01'),(811,'2021-03-21',2.362280,'2022-11-30 15:32:01','2022-11-30 15:32:01'),(812,'2021-03-22',2.362370,'2022-11-30 15:32:01','2022-11-30 15:32:01'),(813,'2021-03-23',2.362460,'2022-11-30 15:32:01','2022-11-30 15:32:01'),(814,'2021-03-24',2.362550,'2022-11-30 15:32:01','2022-11-30 15:32:01'),(815,'2021-03-25',2.362640,'2022-11-30 15:32:01','2022-11-30 15:32:01'),(816,'2021-03-26',2.362730,'2022-11-30 15:32:01','2022-11-30 15:32:01'),(817,'2021-03-27',2.362820,'2022-11-30 15:32:01','2022-11-30 15:32:01'),(818,'2021-03-28',2.362910,'2022-11-30 15:32:01','2022-11-30 15:32:01'),(819,'2021-03-29',2.363000,'2022-11-30 15:32:01','2022-11-30 15:32:01'),(820,'2021-03-30',2.363090,'2022-11-30 15:32:01','2022-11-30 15:32:01'),(821,'2021-03-31',2.363180,'2022-11-30 15:32:01','2022-11-30 15:32:01'),(822,'2021-04-01',2.363270,'2022-11-30 15:32:01','2022-11-30 15:32:01'),(823,'2021-04-02',2.363360,'2022-11-30 15:32:01','2022-11-30 15:32:01'),(824,'2021-04-03',2.363450,'2022-11-30 15:32:01','2022-11-30 15:32:01'),(825,'2021-04-04',2.363540,'2022-11-30 15:32:01','2022-11-30 15:32:01'),(826,'2021-04-05',2.363630,'2022-11-30 15:32:01','2022-11-30 15:32:01'),(827,'2021-04-06',2.363720,'2022-11-30 15:32:01','2022-11-30 15:32:01'),(828,'2021-04-07',2.363810,'2022-11-30 15:32:01','2022-11-30 15:32:01'),(829,'2021-04-08',2.363900,'2022-11-30 15:32:01','2022-11-30 15:32:01'),(830,'2021-04-09',2.363990,'2022-11-30 15:32:01','2022-11-30 15:32:01'),(831,'2021-04-10',2.364080,'2022-11-30 15:32:01','2022-11-30 15:32:01'),(832,'2021-04-11',2.364160,'2022-11-30 15:32:01','2022-11-30 15:32:01'),(833,'2021-04-12',2.364240,'2022-11-30 15:32:01','2022-11-30 15:32:01'),(834,'2021-04-13',2.364320,'2022-11-30 15:32:01','2022-11-30 15:32:01'),(835,'2021-04-14',2.364400,'2022-11-30 15:32:01','2022-11-30 15:32:01'),(836,'2021-04-15',2.364480,'2022-11-30 15:32:01','2022-11-30 15:32:01'),(837,'2021-04-16',2.364560,'2022-11-30 15:32:01','2022-11-30 15:32:01'),(838,'2021-04-17',2.364640,'2022-11-30 15:32:01','2022-11-30 15:32:01'),(839,'2021-04-18',2.364720,'2022-11-30 15:32:01','2022-11-30 15:32:01'),(840,'2021-04-19',2.364800,'2022-11-30 15:32:01','2022-11-30 15:32:01'),(841,'2021-04-20',2.364880,'2022-11-30 15:32:01','2022-11-30 15:32:01'),(842,'2021-04-21',2.364960,'2022-11-30 15:32:01','2022-11-30 15:32:01'),(843,'2021-04-22',2.365040,'2022-11-30 15:32:01','2022-11-30 15:32:01'),(844,'2021-04-23',2.365120,'2022-11-30 15:32:01','2022-11-30 15:32:01'),(845,'2021-04-24',2.365200,'2022-11-30 15:32:01','2022-11-30 15:32:01'),(846,'2021-04-25',2.365280,'2022-11-30 15:32:01','2022-11-30 15:32:01'),(847,'2021-04-26',2.365360,'2022-11-30 15:32:01','2022-11-30 15:32:01'),(848,'2021-04-27',2.365440,'2022-11-30 15:32:01','2022-11-30 15:32:01'),(849,'2021-04-28',2.365520,'2022-11-30 15:32:01','2022-11-30 15:32:01'),(850,'2021-04-29',2.365600,'2022-11-30 15:32:01','2022-11-30 15:32:01'),(851,'2021-04-30',2.365680,'2022-11-30 15:32:01','2022-11-30 15:32:01'),(852,'2021-05-01',2.365750,'2022-11-30 15:32:01','2022-11-30 15:32:01'),(853,'2021-05-02',2.365820,'2022-11-30 15:32:01','2022-11-30 15:32:01'),(854,'2021-05-03',2.365890,'2022-11-30 15:32:01','2022-11-30 15:32:01'),(855,'2021-05-04',2.365960,'2022-11-30 15:32:01','2022-11-30 15:32:01'),(856,'2021-05-05',2.366030,'2022-11-30 15:32:01','2022-11-30 15:32:01'),(857,'2021-05-06',2.366100,'2022-11-30 15:32:01','2022-11-30 15:32:01'),(858,'2021-05-07',2.366170,'2022-11-30 15:32:01','2022-11-30 15:32:01'),(859,'2021-05-08',2.366240,'2022-11-30 15:32:01','2022-11-30 15:32:01'),(860,'2021-05-09',2.366310,'2022-11-30 15:32:01','2022-11-30 15:32:01'),(861,'2021-05-10',2.366380,'2022-11-30 15:32:01','2022-11-30 15:32:01'),(862,'2021-05-11',2.366420,'2022-11-30 15:32:01','2022-11-30 15:32:01'),(863,'2021-05-12',2.366460,'2022-11-30 15:32:01','2022-11-30 15:32:01'),(864,'2021-05-13',2.366500,'2022-11-30 15:32:01','2022-11-30 15:32:01'),(865,'2021-05-14',2.366540,'2022-11-30 15:32:01','2022-11-30 15:32:01'),(866,'2021-05-15',2.366580,'2022-11-30 15:32:01','2022-11-30 15:32:01'),(867,'2021-05-16',2.366620,'2022-11-30 15:32:01','2022-11-30 15:32:01'),(868,'2021-05-17',2.366660,'2022-11-30 15:32:01','2022-11-30 15:32:01'),(869,'2021-05-18',2.366700,'2022-11-30 15:32:01','2022-11-30 15:32:01'),(870,'2021-05-19',2.366740,'2022-11-30 15:32:01','2022-11-30 15:32:01'),(871,'2021-05-20',2.366780,'2022-11-30 15:32:01','2022-11-30 15:32:01'),(872,'2021-05-21',2.366820,'2022-11-30 15:32:01','2022-11-30 15:32:01'),(873,'2021-05-22',2.366860,'2022-11-30 15:32:01','2022-11-30 15:32:01'),(874,'2021-05-23',2.366900,'2022-11-30 15:32:01','2022-11-30 15:32:01'),(875,'2021-05-24',2.366940,'2022-11-30 15:32:01','2022-11-30 15:32:01'),(876,'2021-05-25',2.366980,'2022-11-30 15:32:01','2022-11-30 15:32:01'),(877,'2021-05-26',2.367020,'2022-11-30 15:32:01','2022-11-30 15:32:01'),(878,'2021-05-27',2.367060,'2022-11-30 15:32:02','2022-11-30 15:32:02'),(879,'2021-05-28',2.367100,'2022-11-30 15:32:02','2022-11-30 15:32:02'),(880,'2021-05-29',2.367140,'2022-11-30 15:32:02','2022-11-30 15:32:02'),(881,'2021-05-30',2.367180,'2022-11-30 15:32:02','2022-11-30 15:32:02'),(882,'2021-05-31',2.367220,'2022-11-30 15:32:02','2022-11-30 15:32:02'),(883,'2021-06-01',2.367260,'2022-11-30 15:32:02','2022-11-30 15:32:02'),(884,'2021-06-02',2.367300,'2022-11-30 15:32:02','2022-11-30 15:32:02'),(885,'2021-06-03',2.367340,'2022-11-30 15:32:02','2022-11-30 15:32:02'),(886,'2021-06-04',2.367380,'2022-11-30 15:32:02','2022-11-30 15:32:02'),(887,'2021-06-05',2.367420,'2022-11-30 15:32:02','2022-11-30 15:32:02'),(888,'2021-06-06',2.367460,'2022-11-30 15:32:02','2022-11-30 15:32:02'),(889,'2021-06-07',2.367500,'2022-11-30 15:32:02','2022-11-30 15:32:02'),(890,'2021-06-08',2.367540,'2022-11-30 15:32:02','2022-11-30 15:32:02'),(891,'2021-06-09',2.367580,'2022-11-30 15:32:02','2022-11-30 15:32:02'),(892,'2021-06-10',2.367620,'2022-11-30 15:32:02','2022-11-30 15:32:02'),(893,'2021-06-11',2.367660,'2022-11-30 15:32:02','2022-11-30 15:32:02'),(894,'2021-06-12',2.367700,'2022-11-30 15:32:02','2022-11-30 15:32:02'),(895,'2021-06-13',2.367740,'2022-11-30 15:32:02','2022-11-30 15:32:02'),(896,'2021-06-14',2.367780,'2022-11-30 15:32:02','2022-11-30 15:32:02'),(897,'2021-06-15',2.367820,'2022-11-30 15:32:02','2022-11-30 15:32:02'),(898,'2021-06-16',2.367860,'2022-11-30 15:32:02','2022-11-30 15:32:02'),(899,'2021-06-17',2.367900,'2022-11-30 15:32:02','2022-11-30 15:32:02'),(900,'2021-06-18',2.367940,'2022-11-30 15:32:02','2022-11-30 15:32:02'),(901,'2021-06-19',2.367980,'2022-11-30 15:32:02','2022-11-30 15:32:02'),(902,'2021-06-20',2.368020,'2022-11-30 15:32:02','2022-11-30 15:32:02'),(903,'2021-06-21',2.368060,'2022-11-30 15:32:02','2022-11-30 15:32:02'),(904,'2021-06-22',2.368100,'2022-11-30 15:32:02','2022-11-30 15:32:02'),(905,'2021-06-23',2.368140,'2022-11-30 15:32:02','2022-11-30 15:32:02'),(906,'2021-06-24',2.368180,'2022-11-30 15:32:02','2022-11-30 15:32:02'),(907,'2021-06-25',2.368220,'2022-11-30 15:32:02','2022-11-30 15:32:02'),(908,'2021-06-26',2.368260,'2022-11-30 15:32:02','2022-11-30 15:32:02'),(909,'2021-06-27',2.368300,'2022-11-30 15:32:02','2022-11-30 15:32:02'),(910,'2021-06-28',2.368340,'2022-11-30 15:32:02','2022-11-30 15:32:02'),(911,'2021-06-29',2.368380,'2022-11-30 15:32:02','2022-11-30 15:32:02'),(912,'2021-06-30',2.368420,'2022-11-30 15:32:02','2022-11-30 15:32:02'),(913,'2021-07-01',2.368450,'2022-11-30 15:32:02','2022-11-30 15:32:02'),(914,'2021-07-02',2.368480,'2022-11-30 15:32:02','2022-11-30 15:32:02'),(915,'2021-07-03',2.368510,'2022-11-30 15:32:02','2022-11-30 15:32:02'),(916,'2021-07-04',2.368540,'2022-11-30 15:32:02','2022-11-30 15:32:02'),(917,'2021-07-05',2.368570,'2022-11-30 15:32:02','2022-11-30 15:32:02'),(918,'2021-07-06',2.368600,'2022-11-30 15:32:02','2022-11-30 15:32:02'),(919,'2021-07-07',2.368630,'2022-11-30 15:32:02','2022-11-30 15:32:02'),(920,'2021-07-08',2.368660,'2022-11-30 15:32:02','2022-11-30 15:32:02'),(921,'2021-07-09',2.368690,'2022-11-30 15:32:02','2022-11-30 15:32:02'),(922,'2021-07-10',2.368720,'2022-11-30 15:32:02','2022-11-30 15:32:02'),(923,'2021-07-11',2.368730,'2022-11-30 15:32:02','2022-11-30 15:32:02'),(924,'2021-07-12',2.368740,'2022-11-30 15:32:02','2022-11-30 15:32:02'),(925,'2021-07-13',2.368750,'2022-11-30 15:32:02','2022-11-30 15:32:02'),(926,'2021-07-14',2.368760,'2022-11-30 15:32:02','2022-11-30 15:32:02'),(927,'2021-07-15',2.368770,'2022-11-30 15:32:02','2022-11-30 15:32:02'),(928,'2021-07-16',2.368780,'2022-11-30 15:32:02','2022-11-30 15:32:02'),(929,'2021-07-17',2.368790,'2022-11-30 15:32:02','2022-11-30 15:32:02'),(930,'2021-07-18',2.368800,'2022-11-30 15:32:02','2022-11-30 15:32:02'),(931,'2021-07-19',2.368810,'2022-11-30 15:32:02','2022-11-30 15:32:02'),(932,'2021-07-20',2.368820,'2022-11-30 15:32:02','2022-11-30 15:32:02'),(933,'2021-07-21',2.368830,'2022-11-30 15:32:02','2022-11-30 15:32:02'),(934,'2021-07-22',2.368840,'2022-11-30 15:32:02','2022-11-30 15:32:02'),(935,'2021-07-23',2.368850,'2022-11-30 15:32:02','2022-11-30 15:32:02'),(936,'2021-07-24',2.368860,'2022-11-30 15:32:02','2022-11-30 15:32:02'),(937,'2021-07-25',2.368870,'2022-11-30 15:32:02','2022-11-30 15:32:02'),(938,'2021-07-26',2.368880,'2022-11-30 15:32:02','2022-11-30 15:32:02'),(939,'2021-07-27',2.368890,'2022-11-30 15:32:02','2022-11-30 15:32:02'),(940,'2021-07-28',2.368900,'2022-11-30 15:32:02','2022-11-30 15:32:02'),(941,'2021-07-29',2.368910,'2022-11-30 15:32:02','2022-11-30 15:32:02'),(942,'2021-07-30',2.368920,'2022-11-30 15:32:02','2022-11-30 15:32:02'),(943,'2021-07-31',2.368930,'2022-11-30 15:32:02','2022-11-30 15:32:02'),(944,'2021-08-01',2.368940,'2022-11-30 15:32:02','2022-11-30 15:32:02'),(945,'2021-08-02',2.368950,'2022-11-30 15:32:02','2022-11-30 15:32:02'),(946,'2021-08-03',2.368960,'2022-11-30 15:32:02','2022-11-30 15:32:02'),(947,'2021-08-04',2.368970,'2022-11-30 15:32:02','2022-11-30 15:32:02'),(948,'2021-08-05',2.368980,'2022-11-30 15:32:02','2022-11-30 15:32:02'),(949,'2021-08-06',2.368990,'2022-11-30 15:32:02','2022-11-30 15:32:02'),(950,'2021-08-07',2.369000,'2022-11-30 15:32:02','2022-11-30 15:32:02'),(951,'2021-08-08',2.369010,'2022-11-30 15:32:02','2022-11-30 15:32:02'),(952,'2021-08-09',2.369020,'2022-11-30 15:32:02','2022-11-30 15:32:02'),(953,'2021-08-10',2.369030,'2022-11-30 15:32:02','2022-11-30 15:32:02'),(954,'2021-08-11',2.369040,'2022-11-30 15:32:02','2022-11-30 15:32:02'),(955,'2021-08-12',2.369050,'2022-11-30 15:32:02','2022-11-30 15:32:02'),(956,'2021-08-13',2.369060,'2022-11-30 15:32:02','2022-11-30 15:32:02'),(957,'2021-08-14',2.369070,'2022-11-30 15:32:02','2022-11-30 15:32:02'),(958,'2021-08-15',2.369080,'2022-11-30 15:32:02','2022-11-30 15:32:02'),(959,'2021-08-16',2.369090,'2022-11-30 15:32:02','2022-11-30 15:32:02'),(960,'2021-08-17',2.369100,'2022-11-30 15:32:02','2022-11-30 15:32:02'),(961,'2021-08-18',2.369110,'2022-11-30 15:32:02','2022-11-30 15:32:02'),(962,'2021-08-19',2.369120,'2022-11-30 15:32:02','2022-11-30 15:32:02'),(963,'2021-08-20',2.369130,'2022-11-30 15:32:02','2022-11-30 15:32:02'),(964,'2021-08-21',2.369140,'2022-11-30 15:32:02','2022-11-30 15:32:02'),(965,'2021-08-22',2.369150,'2022-11-30 15:32:02','2022-11-30 15:32:02'),(966,'2021-08-23',2.369160,'2022-11-30 15:32:02','2022-11-30 15:32:02'),(967,'2021-08-24',2.369170,'2022-11-30 15:32:02','2022-11-30 15:32:02'),(968,'2021-08-25',2.369180,'2022-11-30 15:32:02','2022-11-30 15:32:02'),(969,'2021-08-26',2.369190,'2022-11-30 15:32:02','2022-11-30 15:32:02'),(970,'2021-08-27',2.369200,'2022-11-30 15:32:02','2022-11-30 15:32:02'),(971,'2021-08-28',2.369210,'2022-11-30 15:32:02','2022-11-30 15:32:02'),(972,'2021-08-29',2.369220,'2022-11-30 15:32:02','2022-11-30 15:32:02'),(973,'2021-08-30',2.369230,'2022-11-30 15:32:02','2022-11-30 15:32:02'),(974,'2021-08-31',2.369240,'2022-11-30 15:32:02','2022-11-30 15:32:02'),(975,'2021-09-01',2.369250,'2022-11-30 15:32:02','2022-11-30 15:32:02'),(976,'2021-09-02',2.369260,'2022-11-30 15:32:02','2022-11-30 15:32:02'),(977,'2021-09-03',2.369270,'2022-11-30 15:32:02','2022-11-30 15:32:02'),(978,'2021-09-04',2.369280,'2022-11-30 15:32:02','2022-11-30 15:32:02'),(979,'2021-09-05',2.369290,'2022-11-30 15:32:02','2022-11-30 15:32:02'),(980,'2021-09-06',2.369300,'2022-11-30 15:32:02','2022-11-30 15:32:02'),(981,'2021-09-07',2.369310,'2022-11-30 15:32:02','2022-11-30 15:32:02'),(982,'2021-09-08',2.369320,'2022-11-30 15:32:02','2022-11-30 15:32:02'),(983,'2021-09-09',2.369330,'2022-11-30 15:32:02','2022-11-30 15:32:02'),(984,'2021-09-10',2.369340,'2022-11-30 15:32:02','2022-11-30 15:32:02'),(985,'2021-09-11',2.369350,'2022-11-30 15:32:02','2022-11-30 15:32:02'),(986,'2021-09-12',2.369360,'2022-11-30 15:32:02','2022-11-30 15:32:02'),(987,'2021-09-13',2.369370,'2022-11-30 15:32:02','2022-11-30 15:32:02'),(988,'2021-09-14',2.369380,'2022-11-30 15:32:02','2022-11-30 15:32:02'),(989,'2021-09-15',2.369390,'2022-11-30 15:32:02','2022-11-30 15:32:02'),(990,'2021-09-16',2.369400,'2022-11-30 15:32:02','2022-11-30 15:32:02'),(991,'2021-09-17',2.369410,'2022-11-30 15:32:02','2022-11-30 15:32:02'),(992,'2021-09-18',2.369420,'2022-11-30 15:32:02','2022-11-30 15:32:02'),(993,'2021-09-19',2.369430,'2022-11-30 15:32:02','2022-11-30 15:32:02'),(994,'2021-09-20',2.369440,'2022-11-30 15:32:02','2022-11-30 15:32:02'),(995,'2021-09-21',2.369450,'2022-11-30 15:32:02','2022-11-30 15:32:02'),(996,'2021-09-22',2.369460,'2022-11-30 15:32:02','2022-11-30 15:32:02'),(997,'2021-09-23',2.369470,'2022-11-30 15:32:02','2022-11-30 15:32:02'),(998,'2021-09-24',2.369480,'2022-11-30 15:32:02','2022-11-30 15:32:02'),(999,'2021-09-25',2.369490,'2022-11-30 15:32:02','2022-11-30 15:32:02'),(1000,'2021-09-26',2.369500,'2022-11-30 15:32:02','2022-11-30 15:32:02'),(1001,'2021-09-27',2.369510,'2022-11-30 15:32:02','2022-11-30 15:32:02'),(1002,'2021-09-28',2.369520,'2022-11-30 15:32:02','2022-11-30 15:32:02'),(1003,'2021-09-29',2.369530,'2022-11-30 15:32:02','2022-11-30 15:32:02'),(1004,'2021-09-30',2.369540,'2022-11-30 15:32:02','2022-11-30 15:32:02'),(1005,'2021-10-01',2.369550,'2022-11-30 15:32:02','2022-11-30 15:32:02'),(1006,'2021-10-02',2.369560,'2022-11-30 15:32:02','2022-11-30 15:32:02'),(1007,'2021-10-03',2.369570,'2022-11-30 15:32:02','2022-11-30 15:32:02'),(1008,'2021-10-04',2.369580,'2022-11-30 15:32:02','2022-11-30 15:32:02'),(1009,'2021-10-05',2.369590,'2022-11-30 15:32:02','2022-11-30 15:32:02'),(1010,'2021-10-06',2.369600,'2022-11-30 15:32:02','2022-11-30 15:32:02'),(1011,'2021-10-07',2.369610,'2022-11-30 15:32:02','2022-11-30 15:32:02'),(1012,'2021-10-08',2.369620,'2022-11-30 15:32:02','2022-11-30 15:32:02'),(1013,'2021-10-09',2.369630,'2022-11-30 15:32:02','2022-11-30 15:32:02'),(1014,'2021-10-10',2.369640,'2022-11-30 15:32:02','2022-11-30 15:32:02'),(1015,'2021-10-11',2.369700,'2022-11-30 15:32:02','2022-11-30 15:32:02'),(1016,'2021-10-12',2.369760,'2022-11-30 15:32:02','2022-11-30 15:32:02'),(1017,'2021-10-13',2.369820,'2022-11-30 15:32:02','2022-11-30 15:32:02'),(1018,'2021-10-14',2.369880,'2022-11-30 15:32:02','2022-11-30 15:32:02'),(1019,'2021-10-15',2.369940,'2022-11-30 15:32:02','2022-11-30 15:32:02'),(1020,'2021-10-16',2.370000,'2022-11-30 15:32:02','2022-11-30 15:32:02'),(1021,'2021-10-17',2.370060,'2022-11-30 15:32:02','2022-11-30 15:32:02'),(1022,'2021-10-18',2.370120,'2022-11-30 15:32:02','2022-11-30 15:32:02'),(1023,'2021-10-19',2.370180,'2022-11-30 15:32:02','2022-11-30 15:32:02'),(1024,'2021-10-20',2.370240,'2022-11-30 15:32:02','2022-11-30 15:32:02'),(1025,'2021-10-21',2.370300,'2022-11-30 15:32:02','2022-11-30 15:32:02'),(1026,'2021-10-22',2.370360,'2022-11-30 15:32:02','2022-11-30 15:32:02'),(1027,'2021-10-23',2.370420,'2022-11-30 15:32:02','2022-11-30 15:32:02'),(1028,'2021-10-24',2.370480,'2022-11-30 15:32:02','2022-11-30 15:32:02'),(1029,'2021-10-25',2.370540,'2022-11-30 15:32:02','2022-11-30 15:32:02'),(1030,'2021-10-26',2.370600,'2022-11-30 15:32:02','2022-11-30 15:32:02'),(1031,'2021-10-27',2.370660,'2022-11-30 15:32:02','2022-11-30 15:32:02'),(1032,'2021-10-28',2.370720,'2022-11-30 15:32:02','2022-11-30 15:32:02'),(1033,'2021-10-29',2.370780,'2022-11-30 15:32:02','2022-11-30 15:32:02'),(1034,'2021-10-30',2.370840,'2022-11-30 15:32:02','2022-11-30 15:32:02'),(1035,'2021-10-31',2.370900,'2022-11-30 15:32:02','2022-11-30 15:32:02'),(1036,'2021-11-01',2.370970,'2022-11-30 15:32:02','2022-11-30 15:32:02'),(1037,'2021-11-02',2.371040,'2022-11-30 15:32:02','2022-11-30 15:32:02'),(1038,'2021-11-03',2.371110,'2022-11-30 15:32:02','2022-11-30 15:32:02'),(1039,'2021-11-04',2.371180,'2022-11-30 15:32:02','2022-11-30 15:32:02'),(1040,'2021-11-05',2.371250,'2022-11-30 15:32:02','2022-11-30 15:32:02'),(1041,'2021-11-06',2.371320,'2022-11-30 15:32:02','2022-11-30 15:32:02'),(1042,'2021-11-07',2.371390,'2022-11-30 15:32:02','2022-11-30 15:32:02'),(1043,'2021-11-08',2.371460,'2022-11-30 15:32:02','2022-11-30 15:32:02'),(1044,'2021-11-09',2.371530,'2022-11-30 15:32:02','2022-11-30 15:32:02'),(1045,'2021-11-10',2.371600,'2022-11-30 15:32:02','2022-11-30 15:32:02'),(1046,'2021-11-11',2.371630,'2022-11-30 15:32:02','2022-11-30 15:32:02'),(1047,'2021-11-12',2.371660,'2022-11-30 15:32:02','2022-11-30 15:32:02'),(1048,'2021-11-13',2.371690,'2022-11-30 15:32:02','2022-11-30 15:32:02'),(1049,'2021-11-14',2.371720,'2022-11-30 15:32:02','2022-11-30 15:32:02'),(1050,'2021-11-15',2.371750,'2022-11-30 15:32:02','2022-11-30 15:32:02'),(1051,'2021-11-16',2.371780,'2022-11-30 15:32:02','2022-11-30 15:32:02'),(1052,'2021-11-17',2.371810,'2022-11-30 15:32:02','2022-11-30 15:32:02'),(1053,'2021-11-18',2.371840,'2022-11-30 15:32:02','2022-11-30 15:32:02'),(1054,'2021-11-19',2.371870,'2022-11-30 15:32:02','2022-11-30 15:32:02'),(1055,'2021-11-20',2.371900,'2022-11-30 15:32:02','2022-11-30 15:32:02'),(1056,'2021-11-21',2.371930,'2022-11-30 15:32:02','2022-11-30 15:32:02'),(1057,'2021-11-22',2.371960,'2022-11-30 15:32:02','2022-11-30 15:32:02'),(1058,'2021-11-23',2.371990,'2022-11-30 15:32:02','2022-11-30 15:32:02'),(1059,'2021-11-24',2.372020,'2022-11-30 15:32:02','2022-11-30 15:32:02'),(1060,'2021-11-25',2.372050,'2022-11-30 15:32:02','2022-11-30 15:32:02'),(1061,'2021-11-26',2.372080,'2022-11-30 15:32:02','2022-11-30 15:32:02'),(1062,'2021-11-27',2.372110,'2022-11-30 15:32:02','2022-11-30 15:32:02'),(1063,'2021-11-28',2.372140,'2022-11-30 15:32:02','2022-11-30 15:32:02'),(1064,'2021-11-29',2.372170,'2022-11-30 15:32:02','2022-11-30 15:32:02'),(1065,'2021-11-30',2.372200,'2022-11-30 15:32:02','2022-11-30 15:32:02'),(1066,'2021-12-01',2.372230,'2022-11-30 15:32:02','2022-11-30 15:32:02'),(1067,'2021-12-02',2.372260,'2022-11-30 15:32:02','2022-11-30 15:32:02'),(1068,'2021-12-03',2.372290,'2022-11-30 15:32:02','2022-11-30 15:32:02'),(1069,'2021-12-04',2.372320,'2022-11-30 15:32:02','2022-11-30 15:32:02'),(1070,'2021-12-05',2.372350,'2022-11-30 15:32:02','2022-11-30 15:32:02'),(1071,'2021-12-06',2.372380,'2022-11-30 15:32:02','2022-11-30 15:32:02'),(1072,'2021-12-07',2.372410,'2022-11-30 15:32:02','2022-11-30 15:32:02'),(1073,'2021-12-08',2.372440,'2022-11-30 15:32:02','2022-11-30 15:32:02'),(1074,'2021-12-09',2.372470,'2022-11-30 15:32:02','2022-11-30 15:32:02'),(1075,'2021-12-10',2.372500,'2022-11-30 15:32:02','2022-11-30 15:32:02'),(1076,'2021-12-11',2.372560,'2022-11-30 15:32:02','2022-11-30 15:32:02'),(1077,'2021-12-12',2.372620,'2022-11-30 15:32:02','2022-11-30 15:32:02'),(1078,'2021-12-13',2.372680,'2022-11-30 15:32:02','2022-11-30 15:32:02'),(1079,'2021-12-14',2.372740,'2022-11-30 15:32:02','2022-11-30 15:32:02'),(1080,'2021-12-15',2.372800,'2022-11-30 15:32:02','2022-11-30 15:32:02'),(1081,'2021-12-16',2.372860,'2022-11-30 15:32:02','2022-11-30 15:32:02'),(1082,'2021-12-17',2.372920,'2022-11-30 15:32:02','2022-11-30 15:32:02'),(1083,'2021-12-18',2.372980,'2022-11-30 15:32:02','2022-11-30 15:32:02'),(1084,'2021-12-19',2.373040,'2022-11-30 15:32:02','2022-11-30 15:32:02'),(1085,'2021-12-20',2.373100,'2022-11-30 15:32:02','2022-11-30 15:32:02'),(1086,'2021-12-21',2.373160,'2022-11-30 15:32:02','2022-11-30 15:32:02'),(1087,'2021-12-22',2.373220,'2022-11-30 15:32:02','2022-11-30 15:32:02'),(1088,'2021-12-23',2.373280,'2022-11-30 15:32:02','2022-11-30 15:32:02'),(1089,'2021-12-24',2.373340,'2022-11-30 15:32:02','2022-11-30 15:32:02'),(1090,'2021-12-25',2.373400,'2022-11-30 15:32:02','2022-11-30 15:32:02'),(1091,'2021-12-26',2.373460,'2022-11-30 15:32:02','2022-11-30 15:32:02'),(1092,'2021-12-27',2.373520,'2022-11-30 15:32:02','2022-11-30 15:32:02'),(1093,'2021-12-28',2.373580,'2022-11-30 15:32:02','2022-11-30 15:32:02'),(1094,'2021-12-29',2.373640,'2022-11-30 15:32:02','2022-11-30 15:32:02'),(1095,'2021-12-30',2.373700,'2022-11-30 15:32:02','2022-11-30 15:32:02'),(1096,'2021-12-31',2.373760,'2022-11-30 15:32:02','2022-11-30 15:32:02'),(1097,'2022-01-01',2.373820,'2022-11-30 15:32:02','2022-11-30 15:32:02'),(1098,'2022-01-02',2.373880,'2022-11-30 15:32:02','2022-11-30 15:32:02'),(1099,'2022-01-03',2.373940,'2022-11-30 15:32:02','2022-11-30 15:32:02'),(1100,'2022-01-04',2.374000,'2022-11-30 15:32:02','2022-11-30 15:32:02'),(1101,'2022-01-05',2.374060,'2022-11-30 15:32:02','2022-11-30 15:32:02'),(1102,'2022-01-06',2.374120,'2022-11-30 15:32:02','2022-11-30 15:32:02'),(1103,'2022-01-07',2.374180,'2022-11-30 15:32:02','2022-11-30 15:32:02'),(1104,'2022-01-08',2.374240,'2022-11-30 15:32:02','2022-11-30 15:32:02'),(1105,'2022-01-09',2.374300,'2022-11-30 15:32:02','2022-11-30 15:32:02'),(1106,'2022-01-10',2.374360,'2022-11-30 15:32:02','2022-11-30 15:32:02'),(1107,'2022-01-11',2.374420,'2022-11-30 15:32:02','2022-11-30 15:32:02'),(1108,'2022-01-12',2.374480,'2022-11-30 15:32:02','2022-11-30 15:32:02'),(1109,'2022-01-13',2.374540,'2022-11-30 15:32:02','2022-11-30 15:32:02'),(1110,'2022-01-14',2.374600,'2022-11-30 15:32:02','2022-11-30 15:32:02'),(1111,'2022-01-15',2.374660,'2022-11-30 15:32:02','2022-11-30 15:32:02'),(1112,'2022-01-16',2.374720,'2022-11-30 15:32:02','2022-11-30 15:32:02'),(1113,'2022-01-17',2.374780,'2022-11-30 15:32:02','2022-11-30 15:32:02'),(1114,'2022-01-18',2.374840,'2022-11-30 15:32:02','2022-11-30 15:32:02'),(1115,'2022-01-19',2.374900,'2022-11-30 15:32:02','2022-11-30 15:32:02'),(1116,'2022-01-20',2.374960,'2022-11-30 15:32:02','2022-11-30 15:32:02'),(1117,'2022-01-21',2.375020,'2022-11-30 15:32:02','2022-11-30 15:32:02'),(1118,'2022-01-22',2.375080,'2022-11-30 15:32:02','2022-11-30 15:32:02'),(1119,'2022-01-23',2.375140,'2022-11-30 15:32:02','2022-11-30 15:32:02'),(1120,'2022-01-24',2.375200,'2022-11-30 15:32:02','2022-11-30 15:32:02'),(1121,'2022-01-25',2.375260,'2022-11-30 15:32:02','2022-11-30 15:32:02'),(1122,'2022-01-26',2.375320,'2022-11-30 15:32:02','2022-11-30 15:32:02'),(1123,'2022-01-27',2.375380,'2022-11-30 15:32:02','2022-11-30 15:32:02'),(1124,'2022-01-28',2.375440,'2022-11-30 15:32:02','2022-11-30 15:32:02'),(1125,'2022-01-29',2.375500,'2022-11-30 15:32:02','2022-11-30 15:32:02'),(1126,'2022-01-30',2.375560,'2022-11-30 15:32:02','2022-11-30 15:32:02'),(1127,'2022-01-31',2.375620,'2022-11-30 15:32:02','2022-11-30 15:32:02'),(1128,'2022-02-01',2.375680,'2022-11-30 15:32:02','2022-11-30 15:32:02'),(1129,'2022-02-02',2.375740,'2022-11-30 15:32:02','2022-11-30 15:32:02'),(1130,'2022-02-03',2.375800,'2022-11-30 15:32:02','2022-11-30 15:32:02'),(1131,'2022-02-04',2.375860,'2022-11-30 15:32:02','2022-11-30 15:32:02'),(1132,'2022-02-05',2.375920,'2022-11-30 15:32:02','2022-11-30 15:32:02'),(1133,'2022-02-06',2.375980,'2022-11-30 15:32:02','2022-11-30 15:32:02'),(1134,'2022-02-07',2.376040,'2022-11-30 15:32:02','2022-11-30 15:32:02'),(1135,'2022-02-08',2.376100,'2022-11-30 15:32:02','2022-11-30 15:32:02'),(1136,'2022-02-09',2.376160,'2022-11-30 15:32:02','2022-11-30 15:32:02'),(1137,'2022-02-10',2.376220,'2022-11-30 15:32:03','2022-11-30 15:32:03'),(1138,'2022-02-11',2.376270,'2022-11-30 15:32:03','2022-11-30 15:32:03'),(1139,'2022-02-12',2.376320,'2022-11-30 15:32:03','2022-11-30 15:32:03'),(1140,'2022-02-13',2.376370,'2022-11-30 15:32:03','2022-11-30 15:32:03'),(1141,'2022-02-14',2.376420,'2022-11-30 15:32:03','2022-11-30 15:32:03'),(1142,'2022-02-15',2.376470,'2022-11-30 15:32:03','2022-11-30 15:32:03'),(1143,'2022-02-16',2.376520,'2022-11-30 15:32:03','2022-11-30 15:32:03'),(1144,'2022-02-17',2.376570,'2022-11-30 15:32:03','2022-11-30 15:32:03'),(1145,'2022-02-18',2.376620,'2022-11-30 15:32:03','2022-11-30 15:32:03'),(1146,'2022-02-19',2.376670,'2022-11-30 15:32:03','2022-11-30 15:32:03'),(1147,'2022-02-20',2.376720,'2022-11-30 15:32:03','2022-11-30 15:32:03'),(1148,'2022-02-21',2.376770,'2022-11-30 15:32:03','2022-11-30 15:32:03'),(1149,'2022-02-22',2.376820,'2022-11-30 15:32:03','2022-11-30 15:32:03'),(1150,'2022-02-23',2.376870,'2022-11-30 15:32:03','2022-11-30 15:32:03'),(1151,'2022-02-24',2.376920,'2022-11-30 15:32:03','2022-11-30 15:32:03'),(1152,'2022-02-25',2.376970,'2022-11-30 15:32:03','2022-11-30 15:32:03'),(1153,'2022-02-26',2.377020,'2022-11-30 15:32:03','2022-11-30 15:32:03'),(1154,'2022-02-27',2.377070,'2022-11-30 15:32:03','2022-11-30 15:32:03'),(1155,'2022-02-28',2.377120,'2022-11-30 15:32:03','2022-11-30 15:32:03'),(1156,'2022-03-01',2.377170,'2022-11-30 15:32:03','2022-11-30 15:32:03'),(1157,'2022-03-02',2.377220,'2022-11-30 15:32:03','2022-11-30 15:32:03'),(1158,'2022-03-03',2.377270,'2022-11-30 15:32:03','2022-11-30 15:32:03'),(1159,'2022-03-04',2.377320,'2022-11-30 15:32:03','2022-11-30 15:32:03'),(1160,'2022-03-05',2.377370,'2022-11-30 15:32:03','2022-11-30 15:32:03'),(1161,'2022-03-06',2.377420,'2022-11-30 15:32:03','2022-11-30 15:32:03'),(1162,'2022-03-07',2.377470,'2022-11-30 15:32:03','2022-11-30 15:32:03'),(1163,'2022-03-08',2.377520,'2022-11-30 15:32:03','2022-11-30 15:32:03'),(1164,'2022-03-09',2.377570,'2022-11-30 15:32:03','2022-11-30 15:32:03'),(1165,'2022-03-10',2.377620,'2022-11-30 15:32:03','2022-11-30 15:32:03'),(1166,'2022-03-11',2.377660,'2022-11-30 15:32:03','2022-11-30 15:32:03'),(1167,'2022-03-12',2.377700,'2022-11-30 15:32:03','2022-11-30 15:32:03'),(1168,'2022-03-13',2.377740,'2022-11-30 15:32:03','2022-11-30 15:32:03'),(1169,'2022-03-14',2.377780,'2022-11-30 15:32:03','2022-11-30 15:32:03'),(1170,'2022-03-15',2.377820,'2022-11-30 15:32:03','2022-11-30 15:32:03'),(1171,'2022-03-16',2.377860,'2022-11-30 15:32:03','2022-11-30 15:32:03'),(1172,'2022-03-17',2.377900,'2022-11-30 15:32:03','2022-11-30 15:32:03'),(1173,'2022-03-18',2.377940,'2022-11-30 15:32:03','2022-11-30 15:32:03'),(1174,'2022-03-19',2.377980,'2022-11-30 15:32:03','2022-11-30 15:32:03'),(1175,'2022-03-20',2.378020,'2022-11-30 15:32:03','2022-11-30 15:32:03'),(1176,'2022-03-21',2.378060,'2022-11-30 15:32:03','2022-11-30 15:32:03'),(1177,'2022-03-22',2.378100,'2022-11-30 15:32:03','2022-11-30 15:32:03'),(1178,'2022-03-23',2.378140,'2022-11-30 15:32:03','2022-11-30 15:32:03'),(1179,'2022-03-24',2.378180,'2022-11-30 15:32:03','2022-11-30 15:32:03'),(1180,'2022-03-25',2.378220,'2022-11-30 15:32:03','2022-11-30 15:32:03'),(1181,'2022-03-26',2.378260,'2022-11-30 15:32:03','2022-11-30 15:32:03'),(1182,'2022-03-27',2.378300,'2022-11-30 15:32:03','2022-11-30 15:32:03'),(1183,'2022-03-28',2.378340,'2022-11-30 15:32:03','2022-11-30 15:32:03'),(1184,'2022-03-29',2.378380,'2022-11-30 15:32:03','2022-11-30 15:32:03'),(1185,'2022-03-30',2.378420,'2022-11-30 15:32:03','2022-11-30 15:32:03'),(1186,'2022-03-31',2.378460,'2022-11-30 15:32:03','2022-11-30 15:32:03'),(1187,'2022-04-01',2.378510,'2022-11-30 15:32:03','2022-11-30 16:56:52'),(1188,'2022-04-02',2.378560,'2022-11-30 15:32:03','2022-11-30 15:32:03'),(1189,'2022-04-03',2.378610,'2022-11-30 15:32:03','2022-11-30 15:32:03'),(1190,'2022-04-04',2.378660,'2022-11-30 15:32:03','2022-11-30 15:32:03'),(1191,'2022-04-05',2.378710,'2022-11-30 15:32:03','2022-11-30 15:32:03'),(1192,'2022-04-06',2.378760,'2022-11-30 15:32:03','2022-11-30 15:32:03'),(1193,'2022-04-07',2.378810,'2022-11-30 15:32:03','2022-11-30 15:32:03'),(1194,'2022-04-08',2.378860,'2022-11-30 15:32:03','2022-11-30 15:32:03'),(1195,'2022-04-09',2.378910,'2022-11-30 15:32:03','2022-11-30 15:32:03'),(1196,'2022-04-10',2.378960,'2022-11-30 15:32:03','2022-11-30 15:32:03'),(1197,'2022-04-11',2.379010,'2022-11-30 15:32:03','2022-11-30 15:32:03'),(1198,'2022-04-12',2.379060,'2022-11-30 15:32:03','2022-11-30 15:32:03'),(1199,'2022-04-13',2.379110,'2022-11-30 15:32:03','2022-11-30 15:32:03'),(1200,'2022-04-14',2.379160,'2022-11-30 15:32:03','2022-11-30 15:32:03'),(1201,'2022-04-15',2.379210,'2022-11-30 15:32:03','2022-11-30 15:32:03'),(1202,'2022-04-16',2.379260,'2022-11-30 15:32:03','2022-11-30 15:32:03'),(1203,'2022-04-17',2.379310,'2022-11-30 15:32:03','2022-11-30 15:32:03'),(1204,'2022-04-18',2.379360,'2022-11-30 15:32:03','2022-11-30 15:32:03'),(1205,'2022-04-19',2.379410,'2022-11-30 15:32:03','2022-11-30 15:32:03'),(1206,'2022-04-20',2.379460,'2022-11-30 15:32:03','2022-11-30 15:32:03'),(1207,'2022-04-21',2.379510,'2022-11-30 15:32:03','2022-11-30 15:32:03'),(1208,'2022-04-22',2.379560,'2022-11-30 15:32:03','2022-11-30 15:32:03'),(1209,'2022-04-23',2.379610,'2022-11-30 15:32:03','2022-11-30 15:32:03'),(1210,'2022-04-24',2.379660,'2022-11-30 15:32:03','2022-11-30 15:32:03'),(1211,'2022-04-25',2.379710,'2022-11-30 15:32:03','2022-11-30 15:32:03'),(1212,'2022-04-26',2.379760,'2022-11-30 15:32:03','2022-11-30 15:32:03'),(1213,'2022-04-27',2.379810,'2022-11-30 15:32:03','2022-11-30 15:32:03'),(1214,'2022-04-28',2.379860,'2022-11-30 15:32:03','2022-11-30 15:32:03'),(1215,'2022-04-29',2.379910,'2022-11-30 15:32:03','2022-11-30 15:32:03'),(1216,'2022-04-30',2.379960,'2022-11-30 15:32:03','2022-11-30 15:32:03'),(1217,'2022-05-01',2.380010,'2022-11-30 15:32:03','2022-11-30 15:32:03'),(1218,'2022-05-02',2.380060,'2022-11-30 15:32:03','2022-11-30 15:32:03'),(1219,'2022-05-03',2.380110,'2022-11-30 15:32:03','2022-11-30 15:32:03'),(1220,'2022-05-04',2.380160,'2022-11-30 15:32:03','2022-11-30 15:32:03'),(1221,'2022-05-05',2.380210,'2022-11-30 15:32:03','2022-11-30 15:32:03'),(1222,'2022-05-06',2.380260,'2022-11-30 15:32:03','2022-11-30 15:32:03'),(1223,'2022-05-07',2.380310,'2022-11-30 15:32:03','2022-11-30 15:32:03'),(1224,'2022-05-08',2.380360,'2022-11-30 15:32:03','2022-11-30 15:32:03'),(1225,'2022-05-09',2.380410,'2022-11-30 15:32:03','2022-11-30 15:32:03'),(1226,'2022-05-10',2.380460,'2022-11-30 15:32:03','2022-11-30 15:32:03'),(1227,'2022-05-11',2.380520,'2022-11-30 15:32:03','2022-11-30 15:32:03'),(1228,'2022-05-12',2.380580,'2022-11-30 15:32:03','2022-11-30 15:32:03'),(1229,'2022-05-13',2.380640,'2022-11-30 15:32:03','2022-11-30 15:32:03'),(1230,'2022-05-14',2.380700,'2022-11-30 15:32:03','2022-11-30 15:32:03'),(1231,'2022-05-15',2.380760,'2022-11-30 15:32:03','2022-11-30 15:32:03'),(1232,'2022-05-16',2.380820,'2022-11-30 15:32:03','2022-11-30 15:32:03'),(1233,'2022-05-17',2.380880,'2022-11-30 15:32:03','2022-11-30 15:32:03'),(1234,'2022-05-18',2.380940,'2022-11-30 15:32:03','2022-11-30 15:32:03'),(1235,'2022-05-19',2.381000,'2022-11-30 15:32:03','2022-11-30 15:32:03'),(1236,'2022-05-20',2.381060,'2022-11-30 15:32:03','2022-11-30 15:32:03'),(1237,'2022-05-21',2.381120,'2022-11-30 15:32:03','2022-11-30 15:32:03'),(1238,'2022-05-22',2.381180,'2022-11-30 15:32:03','2022-11-30 15:32:03'),(1239,'2022-05-23',2.381240,'2022-11-30 15:32:03','2022-11-30 15:32:03'),(1240,'2022-05-24',2.381300,'2022-11-30 15:32:03','2022-11-30 15:32:03'),(1241,'2022-05-25',2.381360,'2022-11-30 15:32:03','2022-11-30 15:32:03'),(1242,'2022-05-26',2.381420,'2022-11-30 15:32:03','2022-11-30 15:32:03'),(1243,'2022-05-27',2.381480,'2022-11-30 15:32:03','2022-11-30 15:32:03'),(1244,'2022-05-28',2.381540,'2022-11-30 15:32:03','2022-11-30 15:32:03'),(1245,'2022-05-29',2.381600,'2022-11-30 15:32:03','2022-11-30 15:32:03'),(1246,'2022-05-30',2.381660,'2022-11-30 15:32:03','2022-11-30 15:32:03'),(1247,'2022-05-31',2.381720,'2022-11-30 15:32:03','2022-11-30 15:32:03'),(1248,'2022-06-01',2.381780,'2022-11-30 15:32:03','2022-11-30 15:32:03'),(1249,'2022-06-02',2.381840,'2022-11-30 15:32:03','2022-11-30 15:32:03'),(1250,'2022-06-03',2.381900,'2022-11-30 15:32:03','2022-11-30 15:32:03'),(1251,'2022-06-04',2.381960,'2022-11-30 15:32:03','2022-11-30 15:32:03'),(1252,'2022-06-05',2.382020,'2022-11-30 15:32:03','2022-11-30 15:32:03'),(1253,'2022-06-06',2.382080,'2022-11-30 15:32:03','2022-11-30 15:32:03'),(1254,'2022-06-07',2.382140,'2022-11-30 15:32:03','2022-11-30 15:32:03'),(1255,'2022-06-08',2.382200,'2022-11-30 15:32:03','2022-11-30 15:32:03'),(1256,'2022-06-09',2.382260,'2022-11-30 15:32:03','2022-11-30 15:32:03'),(1257,'2022-06-10',2.382320,'2022-11-30 15:32:03','2022-11-30 15:32:03'),(1258,'2022-06-11',2.382410,'2022-11-30 15:32:03','2022-11-30 15:32:03'),(1259,'2022-06-12',2.382500,'2022-11-30 15:32:03','2022-11-30 15:32:03'),(1260,'2022-06-13',2.382590,'2022-11-30 15:32:03','2022-11-30 15:32:03'),(1261,'2022-06-14',2.382680,'2022-11-30 15:32:03','2022-11-30 15:32:03'),(1262,'2022-06-15',2.382770,'2022-11-30 15:32:03','2022-11-30 15:32:03'),(1263,'2022-06-16',2.382860,'2022-11-30 15:32:03','2022-11-30 15:32:03'),(1264,'2022-06-17',2.382950,'2022-11-30 15:32:03','2022-11-30 15:32:03'),(1265,'2022-06-18',2.383040,'2022-11-30 15:32:03','2022-11-30 15:32:03'),(1266,'2022-06-19',2.383130,'2022-11-30 15:32:03','2022-11-30 15:32:03'),(1267,'2022-06-20',2.383220,'2022-11-30 15:32:03','2022-11-30 15:32:03'),(1268,'2022-06-21',2.383310,'2022-11-30 15:32:03','2022-11-30 15:32:03'),(1269,'2022-06-22',2.383400,'2022-11-30 15:32:03','2022-11-30 15:32:03'),(1270,'2022-06-23',2.383490,'2022-11-30 15:32:03','2022-11-30 15:32:03'),(1271,'2022-06-24',2.383580,'2022-11-30 15:32:03','2022-11-30 15:32:03'),(1272,'2022-06-25',2.383670,'2022-11-30 15:32:03','2022-11-30 15:32:03'),(1273,'2022-06-26',2.383760,'2022-11-30 15:32:03','2022-11-30 15:32:03'),(1274,'2022-06-27',2.383850,'2022-11-30 15:32:03','2022-11-30 15:32:03'),(1275,'2022-06-28',2.383940,'2022-11-30 15:32:03','2022-11-30 15:32:03'),(1276,'2022-06-29',2.384030,'2022-11-30 15:32:03','2022-11-30 15:32:03'),(1277,'2022-06-30',2.384120,'2022-11-30 15:32:03','2022-11-30 15:32:03'),(1278,'2022-07-01',2.384210,'2022-11-30 15:32:03','2022-11-30 15:32:03'),(1279,'2022-07-02',2.384300,'2022-11-30 15:32:03','2022-11-30 15:32:03'),(1280,'2022-07-03',2.384390,'2022-11-30 15:32:03','2022-11-30 15:32:03'),(1281,'2022-07-04',2.384480,'2022-11-30 15:32:03','2022-11-30 15:32:03'),(1282,'2022-07-05',2.384570,'2022-11-30 15:32:03','2022-11-30 15:32:03'),(1283,'2022-07-06',2.384660,'2022-11-30 15:32:03','2022-11-30 15:32:03'),(1284,'2022-07-07',2.384750,'2022-11-30 15:32:03','2022-11-30 15:32:03'),(1285,'2022-07-08',2.384840,'2022-11-30 15:32:03','2022-11-30 15:32:03'),(1286,'2022-07-09',2.384930,'2022-11-30 15:32:03','2022-11-30 15:32:03'),(1287,'2022-07-10',2.385020,'2022-11-30 15:32:03','2022-11-30 15:32:03'),(1288,'2022-07-11',2.385130,'2022-11-30 15:32:03','2022-11-30 15:32:03'),(1289,'2022-07-12',2.385240,'2022-11-30 15:32:03','2022-11-30 15:32:03'),(1290,'2022-07-13',2.385350,'2022-11-30 15:32:03','2022-11-30 15:32:03'),(1291,'2022-07-14',2.385460,'2022-11-30 15:32:03','2022-11-30 15:32:03'),(1292,'2022-07-15',2.385570,'2022-11-30 15:32:03','2022-11-30 15:32:03'),(1293,'2022-07-16',2.385680,'2022-11-30 15:32:03','2022-11-30 15:32:03'),(1294,'2022-07-17',2.385790,'2022-11-30 15:32:03','2022-11-30 15:32:03'),(1295,'2022-07-18',2.385900,'2022-11-30 15:32:03','2022-11-30 15:32:03'),(1296,'2022-07-19',2.386010,'2022-11-30 15:32:03','2022-11-30 15:32:03'),(1297,'2022-07-20',2.386120,'2022-11-30 15:32:03','2022-11-30 15:32:03'),(1298,'2022-07-21',2.386230,'2022-11-30 15:32:03','2022-11-30 15:32:03'),(1299,'2022-07-22',2.386340,'2022-11-30 15:32:03','2022-11-30 15:32:03'),(1300,'2022-07-23',2.386450,'2022-11-30 15:32:03','2022-11-30 15:32:03'),(1301,'2022-07-24',2.386560,'2022-11-30 15:32:03','2022-11-30 15:32:03'),(1302,'2022-07-25',2.386670,'2022-11-30 15:32:03','2022-11-30 15:32:03'),(1303,'2022-07-26',2.386780,'2022-11-30 15:32:03','2022-11-30 15:32:03'),(1304,'2022-07-27',2.386890,'2022-11-30 15:32:03','2022-11-30 15:32:03'),(1305,'2022-07-28',2.387000,'2022-11-30 15:32:03','2022-11-30 15:32:03'),(1306,'2022-07-29',2.387110,'2022-11-30 15:32:03','2022-11-30 15:32:03'),(1307,'2022-07-30',2.387220,'2022-11-30 15:32:03','2022-11-30 15:32:03'),(1308,'2022-07-31',2.387330,'2022-11-30 15:32:03','2022-11-30 15:32:03'),(1309,'2022-08-01',2.387440,'2022-11-30 15:32:03','2022-11-30 15:32:03'),(1310,'2022-08-02',2.387550,'2022-11-30 15:32:04','2022-11-30 15:32:04'),(1311,'2022-08-03',2.387660,'2022-11-30 15:32:04','2022-11-30 15:32:04'),(1312,'2022-08-04',2.387770,'2022-11-30 15:32:04','2022-11-30 15:32:04'),(1313,'2022-08-05',2.387880,'2022-11-30 15:32:04','2022-11-30 15:32:04'),(1314,'2022-08-06',2.387990,'2022-11-30 15:32:04','2022-11-30 15:32:04'),(1315,'2022-08-07',2.388100,'2022-11-30 15:32:04','2022-11-30 15:32:04'),(1316,'2022-08-08',2.388210,'2022-11-30 15:32:04','2022-11-30 15:32:04'),(1317,'2022-08-09',2.388320,'2022-11-30 15:32:04','2022-11-30 15:32:04'),(1318,'2022-08-10',2.388430,'2022-11-30 15:32:04','2022-11-30 15:32:04'),(1319,'2022-08-11',2.388560,'2022-11-30 15:32:04','2022-11-30 15:32:04'),(1320,'2022-08-12',2.388690,'2022-11-30 15:32:04','2022-11-30 15:32:04'),(1321,'2022-08-13',2.388820,'2022-11-30 15:32:04','2022-11-30 15:32:04'),(1322,'2022-08-14',2.388950,'2022-11-30 15:32:04','2022-11-30 15:32:04'),(1323,'2022-08-15',2.389080,'2022-11-30 15:32:04','2022-11-30 15:32:04'),(1324,'2022-08-16',2.389210,'2022-11-30 15:32:04','2022-11-30 15:32:04'),(1325,'2022-08-17',2.389340,'2022-11-30 15:32:04','2022-11-30 15:32:04'),(1326,'2022-08-18',2.389470,'2022-11-30 15:32:04','2022-11-30 15:32:04'),(1327,'2022-08-19',2.389600,'2022-11-30 15:32:04','2022-11-30 15:32:04'),(1328,'2022-08-20',2.389730,'2022-11-30 15:32:04','2022-11-30 15:32:04'),(1329,'2022-08-21',2.389860,'2022-11-30 15:32:04','2022-11-30 15:32:04'),(1330,'2022-08-22',2.389990,'2022-11-30 15:32:04','2022-11-30 15:32:04'),(1331,'2022-08-23',2.390120,'2022-11-30 15:32:04','2022-11-30 15:32:04'),(1332,'2022-08-24',2.390250,'2022-11-30 15:32:04','2022-11-30 15:32:04'),(1333,'2022-08-25',2.390380,'2022-11-30 15:32:04','2022-11-30 15:32:04'),(1334,'2022-08-26',2.390510,'2022-11-30 15:32:04','2022-11-30 15:32:04'),(1335,'2022-08-27',2.390640,'2022-11-30 15:32:04','2022-11-30 15:32:04'),(1336,'2022-08-28',2.390770,'2022-11-30 15:32:04','2022-11-30 15:32:04'),(1337,'2022-08-29',2.390900,'2022-11-30 15:32:04','2022-11-30 15:32:04'),(1338,'2022-08-30',2.391030,'2022-11-30 15:32:04','2022-11-30 15:32:04'),(1339,'2022-08-31',2.391160,'2022-11-30 15:32:04','2022-11-30 15:32:04'),(1340,'2022-09-01',2.391290,'2022-11-30 15:32:04','2022-11-30 15:32:04'),(1341,'2022-09-02',2.391420,'2022-11-30 15:32:04','2022-11-30 15:32:04'),(1342,'2022-09-03',2.391550,'2022-11-30 15:32:04','2022-11-30 15:32:04'),(1343,'2022-09-04',2.391680,'2022-11-30 15:32:04','2022-11-30 15:32:04'),(1344,'2022-09-05',2.391810,'2022-11-30 15:32:04','2022-11-30 15:32:04'),(1345,'2022-09-06',2.391940,'2022-11-30 15:32:04','2022-11-30 15:32:04'),(1346,'2022-09-07',2.392070,'2022-11-30 15:32:04','2022-11-30 15:32:04'),(1347,'2022-09-08',2.392200,'2022-11-30 15:32:04','2022-11-30 15:32:04'),(1348,'2022-09-09',2.392330,'2022-11-30 15:32:04','2022-11-30 15:32:04'),(1349,'2022-09-10',2.392460,'2022-11-30 15:32:04','2022-11-30 15:32:04'),(1350,'2022-09-11',2.392560,'2022-11-30 15:32:04','2022-11-30 15:32:04'),(1351,'2022-09-12',2.392660,'2022-11-30 15:32:04','2022-11-30 15:32:04'),(1352,'2022-09-13',2.392760,'2022-11-30 15:32:04','2022-11-30 15:32:04'),(1353,'2022-09-14',2.392860,'2022-11-30 15:32:04','2022-11-30 15:32:04'),(1354,'2022-09-15',2.392960,'2022-11-30 15:32:04','2022-11-30 15:32:04'),(1355,'2022-09-16',2.393060,'2022-11-30 15:32:04','2022-11-30 15:32:04'),(1356,'2022-09-17',2.393160,'2022-11-30 15:32:04','2022-11-30 15:32:04'),(1357,'2022-09-18',2.393260,'2022-11-30 15:32:04','2022-11-30 15:32:04'),(1358,'2022-09-19',2.393360,'2022-11-30 15:32:04','2022-11-30 15:32:04'),(1359,'2022-09-20',2.393460,'2022-11-30 15:32:04','2022-11-30 15:32:04'),(1360,'2022-09-21',2.393560,'2022-11-30 15:32:04','2022-11-30 15:32:04'),(1361,'2022-09-22',2.393660,'2022-11-30 15:32:04','2022-11-30 15:32:04'),(1362,'2022-09-23',2.393760,'2022-11-30 15:32:04','2022-11-30 15:32:04'),(1363,'2022-09-24',2.393860,'2022-11-30 15:32:04','2022-11-30 15:32:04'),(1364,'2022-09-25',2.393960,'2022-11-30 15:32:04','2022-11-30 15:32:04'),(1365,'2022-09-26',2.394060,'2022-11-30 15:32:04','2022-11-30 15:32:04'),(1366,'2022-09-27',2.394160,'2022-11-30 15:32:04','2022-11-30 15:32:04'),(1367,'2022-09-28',2.394260,'2022-11-30 15:32:04','2022-11-30 15:32:04'),(1368,'2022-09-29',2.394360,'2022-11-30 15:32:04','2022-11-30 15:32:04'),(1369,'2022-09-30',2.394460,'2022-11-30 15:32:04','2022-11-30 15:32:04'),(1370,'2022-10-01',2.394560,'2022-11-30 15:32:04','2022-11-30 15:32:04'),(1371,'2022-10-02',2.394660,'2022-11-30 15:32:04','2022-11-30 15:32:04'),(1372,'2022-10-03',2.394760,'2022-11-30 15:32:04','2022-11-30 15:32:04'),(1373,'2022-10-04',2.394860,'2022-11-30 15:32:04','2022-11-30 15:32:04'),(1374,'2022-10-05',2.394960,'2022-11-30 15:32:04','2022-11-30 15:32:04'),(1375,'2022-10-06',2.395060,'2022-11-30 15:32:04','2022-11-30 15:32:04'),(1376,'2022-10-07',2.395160,'2022-11-30 15:32:04','2022-11-30 15:32:04'),(1377,'2022-10-08',2.395260,'2022-11-30 15:32:04','2022-11-30 15:32:04'),(1378,'2022-10-09',2.395360,'2022-11-30 15:32:04','2022-11-30 15:32:04'),(1379,'2022-10-10',2.395460,'2022-11-30 15:32:04','2022-11-30 15:32:04'),(1380,'2022-10-11',2.395580,'2022-11-30 15:32:04','2022-11-30 15:32:04'),(1381,'2022-10-12',2.395700,'2022-11-30 15:32:04','2022-11-30 15:32:04'),(1382,'2022-10-13',2.395820,'2022-11-30 15:32:04','2022-11-30 15:32:04'),(1383,'2022-10-14',2.395940,'2022-11-30 15:32:04','2022-11-30 15:32:04'),(1384,'2022-10-15',2.396060,'2022-11-30 15:32:04','2022-11-30 15:32:04'),(1385,'2022-10-16',2.396180,'2022-11-30 15:32:04','2022-11-30 15:32:04'),(1386,'2022-10-17',2.396300,'2022-11-30 15:32:04','2022-11-30 15:32:04'),(1387,'2022-10-18',2.396420,'2022-11-30 15:32:04','2022-11-30 15:32:04'),(1388,'2022-10-19',2.396540,'2022-11-30 15:32:04','2022-11-30 15:32:04'),(1389,'2022-10-20',2.396660,'2022-11-30 15:32:04','2022-11-30 15:32:04'),(1390,'2022-10-21',2.396780,'2022-11-30 15:32:04','2022-11-30 15:32:04'),(1391,'2022-10-22',2.396900,'2022-11-30 15:32:04','2022-11-30 15:32:04'),(1392,'2022-10-23',2.397020,'2022-11-30 15:32:04','2022-11-30 15:32:04'),(1393,'2022-10-24',2.397140,'2022-11-30 15:32:04','2022-11-30 15:32:04'),(1394,'2022-10-25',2.397260,'2022-11-30 15:32:04','2022-11-30 15:32:04'),(1395,'2022-10-26',2.397380,'2022-11-30 15:32:04','2022-11-30 15:32:04'),(1396,'2022-10-27',2.397500,'2022-11-30 15:32:04','2022-11-30 15:32:04'),(1397,'2022-10-28',2.397620,'2022-11-30 15:32:04','2022-11-30 15:32:04'),(1398,'2022-10-29',2.397740,'2022-11-30 15:32:04','2022-11-30 15:32:04'),(1399,'2022-10-30',2.397860,'2022-11-30 15:32:04','2022-11-30 15:32:04'),(1400,'2022-10-31',2.397980,'2022-11-30 15:32:04','2022-11-30 15:32:04'),(1401,'2022-11-01',2.398100,'2022-11-30 15:32:04','2022-11-30 15:32:04'),(1402,'2022-11-02',2.398220,'2022-11-30 15:32:04','2022-11-30 15:32:04'),(1403,'2022-11-03',2.398340,'2022-11-30 15:32:04','2022-11-30 15:32:04'),(1404,'2022-11-04',2.398460,'2022-11-30 15:32:04','2022-11-30 15:32:04'),(1405,'2022-11-05',2.398580,'2022-11-30 15:32:04','2022-11-30 15:32:04'),(1406,'2022-11-06',2.398700,'2022-11-30 15:32:04','2022-11-30 15:32:04'),(1407,'2022-11-07',2.398820,'2022-11-30 15:32:04','2022-11-30 15:32:04'),(1408,'2022-11-08',2.398940,'2022-11-30 15:32:04','2022-11-30 15:32:04'),(1409,'2022-11-09',2.399060,'2022-11-30 15:32:04','2022-11-30 15:32:04'),(1410,'2022-11-10',2.399180,'2022-11-30 15:32:04','2022-11-30 15:32:04'),(1411,'2022-11-11',2.399370,'2022-11-30 15:32:04','2022-11-30 15:32:04'),(1412,'2022-11-12',2.399560,'2022-11-30 15:32:04','2022-11-30 15:32:04'),(1413,'2022-11-13',2.399750,'2022-11-30 15:32:04','2022-11-30 15:32:04'),(1414,'2022-11-14',2.399940,'2022-11-30 15:32:04','2022-11-30 15:32:04'),(1415,'2022-11-15',2.400130,'2022-11-30 15:32:04','2022-11-30 15:32:04'),(1416,'2022-11-16',2.400320,'2022-11-30 15:32:04','2022-11-30 15:32:04'),(1417,'2022-11-17',2.400510,'2022-11-30 15:32:04','2022-11-30 15:32:04'),(1418,'2022-11-18',2.400700,'2022-11-30 15:32:04','2022-11-30 15:32:04'),(1419,'2022-11-19',2.400890,'2022-11-30 15:32:04','2022-11-30 15:32:04'),(1420,'2022-11-20',2.401080,'2022-11-30 15:32:04','2022-11-30 15:32:04'),(1421,'2022-11-21',2.401270,'2022-11-30 15:32:04','2022-11-30 15:32:04'),(1422,'2022-11-22',2.401460,'2022-11-30 15:32:04','2022-11-30 15:32:04'),(1423,'2022-11-23',2.401650,'2022-11-30 15:32:04','2022-11-30 15:32:04'),(1424,'2022-11-24',2.401840,'2022-11-30 15:32:04','2022-11-30 15:32:04'),(1425,'2022-11-25',2.402030,'2022-11-30 15:32:04','2022-11-30 15:32:04'),(1426,'2022-11-26',2.402220,'2022-11-30 15:32:04','2022-11-30 15:32:04'),(1427,'2022-11-27',2.402410,'2022-11-30 15:32:04','2022-11-30 15:32:04'),(1428,'2022-11-28',2.402600,'2022-11-30 15:32:04','2022-11-30 15:32:04'),(1429,'2022-11-29',2.402790,'2022-11-30 15:32:04','2022-11-30 15:32:04'),(1430,'2022-11-30',2.402980,'2022-11-30 15:32:04','2022-11-30 15:32:04'),(1431,'2022-12-01',2.403160,'2022-11-30 15:32:04','2022-11-30 15:32:04'),(1432,'2022-12-02',2.403340,'2022-11-30 15:32:04','2022-11-30 15:32:04'),(1433,'2022-12-03',2.403520,'2022-11-30 15:32:04','2022-11-30 15:32:04'),(1434,'2022-12-04',2.403700,'2022-11-30 15:32:04','2022-11-30 15:32:04'),(1435,'2022-12-05',2.403880,'2022-11-30 15:32:04','2022-11-30 15:32:04'),(1436,'2022-12-06',2.404060,'2022-11-30 15:32:04','2022-11-30 15:32:04'),(1437,'2022-12-07',2.404240,'2022-11-30 15:32:04','2022-11-30 15:32:04'),(1438,'2022-12-08',2.404420,'2022-11-30 15:32:04','2022-11-30 15:32:04'),(1439,'2022-12-09',2.404600,'2022-11-30 15:32:04','2022-11-30 15:32:04'),(1440,'2022-12-10',2.404780,'2022-11-30 15:32:04','2022-11-30 15:32:04');
/*!40000 ALTER TABLE `tipos_de_cambio` ENABLE KEYS */;
UNLOCK TABLES;

--
-- Table structure for table `tipos_de_comprobante`
--

DROP TABLE IF EXISTS `tipos_de_comprobante`;
/*!40101 SET @saved_cs_client     = @@character_set_client */;
/*!40101 SET character_set_client = utf8 */;
CREATE TABLE `tipos_de_comprobante` (
  `id` bigint(20) unsigned NOT NULL AUTO_INCREMENT,
  `nombre` varchar(16) COLLATE utf8mb4_unicode_ci NOT NULL,
  `color` varchar(50) COLLATE utf8mb4_unicode_ci DEFAULT 'bg-white',
  `estado` tinyint(1) DEFAULT 1,
  PRIMARY KEY (`id`)
) ENGINE=InnoDB AUTO_INCREMENT=5 DEFAULT CHARSET=utf8mb4 COLLATE=utf8mb4_unicode_ci;
/*!40101 SET character_set_client = @saved_cs_client */;

--
-- Dumping data for table `tipos_de_comprobante`
--

LOCK TABLES `tipos_de_comprobante` WRITE;
/*!40000 ALTER TABLE `tipos_de_comprobante` DISABLE KEYS */;
INSERT INTO `tipos_de_comprobante` VALUES (1,'DIARIO','bg-dark',1),(2,'EGRESO','bg-gray',1),(3,'INGRESO','bg-blue',1),(4,'AJUSTE','bg-maroon',1);
/*!40000 ALTER TABLE `tipos_de_comprobante` ENABLE KEYS */;
UNLOCK TABLES;

--
-- Table structure for table `users`
--

DROP TABLE IF EXISTS `users`;
/*!40101 SET @saved_cs_client     = @@character_set_client */;
/*!40101 SET character_set_client = utf8 */;
CREATE TABLE `users` (
  `id` bigint(20) unsigned NOT NULL AUTO_INCREMENT,
  `name` varchar(191) COLLATE utf8mb4_unicode_ci NOT NULL,
  `email` varchar(191) COLLATE utf8mb4_unicode_ci NOT NULL,
  `password` varchar(191) COLLATE utf8mb4_unicode_ci NOT NULL,
  `two_factor_secret` text COLLATE utf8mb4_unicode_ci DEFAULT NULL,
  `two_factor_recovery_codes` text COLLATE utf8mb4_unicode_ci DEFAULT NULL,
  `two_factor_confirmed_at` timestamp NULL DEFAULT NULL,
  `idEmpresaActiva` int(11) DEFAULT NULL,
  `idEjercicioActivo` int(11) DEFAULT NULL,
  `mostrarBajas` tinyint(1) DEFAULT 0,
  `resaltar_inputs_rcv` tinyint(1) DEFAULT 0,
  `colapsar_aside` tinyint(1) DEFAULT 0,
  `hora_fecha_en_reportes_pdf` tinyint(4) DEFAULT 1,
  `tema_id` bigint(20) unsigned DEFAULT 1,
  `acceso` varchar(10) COLLATE utf8mb4_unicode_ci DEFAULT 'Denegado',
  `rol` varchar(20) COLLATE utf8mb4_unicode_ci DEFAULT 'Denegado',
  `crear` tinyint(1) DEFAULT 0,
  `editar` tinyint(1) DEFAULT 0,
  `eliminar` tinyint(1) DEFAULT 0,
  `estado` tinyint(1) DEFAULT 1,
  `profile_photo_path` varchar(2048) COLLATE utf8mb4_unicode_ci DEFAULT NULL,
  `email_verified_at` timestamp NULL DEFAULT NULL,
  `current_team_id` bigint(20) unsigned DEFAULT NULL,
  `remember_token` varchar(100) COLLATE utf8mb4_unicode_ci DEFAULT NULL,
  `created_at` timestamp NULL DEFAULT NULL,
  `updated_at` timestamp NULL DEFAULT NULL,
  PRIMARY KEY (`id`),
  UNIQUE KEY `users_email_unique` (`email`),
  KEY `users_tema_id_foreign` (`tema_id`),
  CONSTRAINT `users_tema_id_foreign` FOREIGN KEY (`tema_id`) REFERENCES `temas` (`id`) ON DELETE SET NULL ON UPDATE CASCADE
) ENGINE=InnoDB AUTO_INCREMENT=3 DEFAULT CHARSET=utf8mb4 COLLATE=utf8mb4_unicode_ci;
/*!40101 SET character_set_client = @saved_cs_client */;

--
-- Dumping data for table `users`
--

LOCK TABLES `users` WRITE;
/*!40000 ALTER TABLE `users` DISABLE KEYS */;
INSERT INTO `users` VALUES (1,'JOSE LUIS MACHICADO CRUZ','machicadocruzjose@gmail.com','$2y$10$B36v8fODRDNbRItnYbhcIulr0QhoLN0E0PGSkbIs49vRXhXzpXvL6',NULL,NULL,NULL,1,1,0,1,1,0,7,'Permitido','Administrador',1,1,1,1,'profile-photos/3x7bxCQ9J9Fadhel2gORjcfKhYn7Lvd0Dxj8dd0X.png',NULL,NULL,NULL,'2022-11-19 01:59:21','2022-12-06 17:28:12'),(2,'CARLA LIMA','abc@gmail.com','$2y$10$rH26xRey5e33OJzwjrxfFef42M0iCwS5bkCVLekbXhzBDG/rxSol.',NULL,NULL,NULL,1,1,0,0,0,1,4,'Permitido','Auxiliar Contable',1,1,1,1,NULL,NULL,NULL,NULL,'2022-11-30 15:09:02','2022-12-05 21:14:33');
/*!40000 ALTER TABLE `users` ENABLE KEYS */;
UNLOCK TABLES;

--
-- Table structure for table `ventas`
--

DROP TABLE IF EXISTS `ventas`;
/*!40101 SET @saved_cs_client     = @@character_set_client */;
/*!40101 SET character_set_client = utf8 */;
CREATE TABLE `ventas` (
  `id` bigint(20) unsigned NOT NULL AUTO_INCREMENT,
  `fecha` date NOT NULL,
  `numeroFactura` varchar(15) COLLATE utf8mb4_unicode_ci DEFAULT NULL,
  `codigoAutorizacion` varchar(100) COLLATE utf8mb4_unicode_ci DEFAULT NULL,
  `ciNitCliente` varchar(15) COLLATE utf8mb4_unicode_ci NOT NULL,
  `complemento` varchar(5) COLLATE utf8mb4_unicode_ci DEFAULT NULL,
  `razonSocialCliente` varchar(150) COLLATE utf8mb4_unicode_ci NOT NULL,
  `importeTotal` double(12,2) DEFAULT NULL,
  `ice` double(12,2) DEFAULT NULL,
  `iehd` double(12,2) DEFAULT NULL,
  `ipj` double(12,2) DEFAULT NULL,
  `tasas` double(12,2) DEFAULT NULL,
  `otrosNoSujetosaIva` double(12,2) DEFAULT NULL,
  `exportacionesyExentos` double(12,2) DEFAULT NULL,
  `tasaCero` double(12,2) DEFAULT NULL,
  `descuentos` double(12,2) DEFAULT NULL,
  `gifCard` double(12,2) DEFAULT NULL,
  `estado` varchar(2) COLLATE utf8mb4_unicode_ci DEFAULT NULL,
  `codigoControl` varchar(20) COLLATE utf8mb4_unicode_ci DEFAULT '0',
  `tipoVenta` char(2) COLLATE utf8mb4_unicode_ci NOT NULL,
  `registroContable` varchar(20) COLLATE utf8mb4_unicode_ci DEFAULT NULL,
  `sucursal_id` bigint(20) unsigned NOT NULL,
  `created_at` timestamp NULL DEFAULT NULL,
  `updated_at` timestamp NULL DEFAULT NULL,
  PRIMARY KEY (`id`),
  KEY `ventas_sucursal_id_foreign` (`sucursal_id`),
  CONSTRAINT `ventas_sucursal_id_foreign` FOREIGN KEY (`sucursal_id`) REFERENCES `sucursals` (`id`) ON DELETE CASCADE ON UPDATE CASCADE
) ENGINE=InnoDB AUTO_INCREMENT=328 DEFAULT CHARSET=utf8mb4 COLLATE=utf8mb4_unicode_ci;
/*!40101 SET character_set_client = @saved_cs_client */;

--
-- Dumping data for table `ventas`
--

LOCK TABLES `ventas` WRITE;
/*!40000 ALTER TABLE `ventas` DISABLE KEYS */;
INSERT INTO `ventas` VALUES (90,'2022-01-04','901','124101100012844','4948755017',NULL,'OLGA NINA',1197.00,0.00,0.00,0.00,0.00,0.00,0.00,0.00,0.00,0.00,'V','0','0','3-010001*80',1,'2022-11-27 16:47:16','2022-12-04 05:03:55'),(91,'2022-01-05','902','124101100012844','4929183010',NULL,'EVA PAMELA UZQUIANO MONZON',4050.00,0.00,0.00,0.00,0.00,0.00,0.00,0.00,0.00,0.00,'V','0','0','3-010002*81',1,'2022-11-27 16:47:16','2022-12-04 05:03:55'),(92,'2022-01-05','903','124101100012844','360559022',NULL,'GRASLUB SRL',1197.00,0.00,0.00,0.00,0.00,0.00,0.00,0.00,0.00,0.00,'V','0','0','3-010003*82',1,'2022-11-27 16:47:16','2022-12-04 05:03:55'),(93,'2022-01-05','904','124101100012844','2587845016',NULL,'GUTIERREZ',7014.90,0.00,0.00,0.00,0.00,0.00,0.00,0.00,0.00,0.00,'V','0','0','3-010004*83',1,'2022-11-27 16:47:16','2022-12-04 05:03:55'),(94,'2022-01-07','905','124101100012844','4848029010',NULL,'JULIA CHURA ZARATE',3632.80,0.00,0.00,0.00,0.00,0.00,0.00,0.00,0.00,0.00,'V','0','0','',1,'2022-11-27 16:47:16','2022-12-04 05:39:46'),(95,'2022-01-07','906','124101100012844','7477583016',NULL,'GENOVEVA POLO CRUZ',3015.00,0.00,0.00,0.00,0.00,0.00,0.00,0.00,0.00,0.00,'V','0','0','3-010006*85',1,'2022-11-27 16:47:16','2022-12-04 05:03:55'),(96,'2022-01-07','907','124101100012844','5179387015',NULL,'CAROLINA JHOVANA PADILLA CHURATA',3375.00,0.00,0.00,0.00,0.00,0.00,0.00,0.00,0.00,0.00,'V','0','0','3-010007*86',1,'2022-11-27 16:47:16','2022-12-04 05:03:55'),(97,'2022-01-07','908','124101100012844','360559022',NULL,'GRASLUB SRL',1197.00,0.00,0.00,0.00,0.00,0.00,0.00,0.00,0.00,0.00,'V','0','0','3-010008*87',1,'2022-11-27 16:47:16','2022-12-04 05:03:55'),(98,'2022-01-07','909','124101100012844','1051955012',NULL,'SILVIA ORTIZ TELLEZ DE FLORES',19296.00,0.00,0.00,0.00,0.00,0.00,0.00,0.00,0.00,0.00,'V','0','0','3-010009*88',1,'2022-11-27 16:47:16','2022-12-04 05:03:55'),(99,'2022-01-09','910','124101100012844','4891690',NULL,'LUCY QUISPE HUANCA',2000.00,0.00,0.00,0.00,0.00,0.00,0.00,0.00,0.00,0.00,'V','0','0','3-010012*91',1,'2022-11-27 16:47:16','2022-12-04 05:03:55'),(100,'2022-01-09','911','124101100012844','1258281014',NULL,'FELIX CATARI',5736.15,0.00,0.00,0.00,0.00,0.00,0.00,0.00,0.00,0.00,'V','0','0','3-010013*92',1,'2022-11-27 16:47:16','2022-12-04 05:03:55'),(101,'2022-01-10','912','124101100012844','372201024',NULL,'ECOGRAS SRL',3600.00,0.00,0.00,0.00,0.00,0.00,0.00,0.00,0.00,0.00,'V','0','0','3-010015*94',1,'2022-11-27 16:47:16','2022-12-04 05:03:55'),(102,'2022-01-11','913','124101100012844','360559022',NULL,'GRASLUB SRL',9576.00,0.00,0.00,0.00,0.00,0.00,0.00,0.00,0.00,0.00,'V','0','0','3-010019*98',1,'2022-11-27 16:47:16','2022-12-04 05:03:56'),(103,'2022-01-11','914','124101100012844','4849572019',NULL,'MILENKA GOMEZ ESPINOZA',2401.98,0.00,0.00,0.00,0.00,0.00,0.00,0.00,0.00,0.00,'V','0','0','3-010020*99',1,'2022-11-27 16:47:16','2022-12-04 05:03:56'),(104,'2022-01-11','915','124101100012844','328064019',NULL,'MAXIMA DE QUISPE',9849.00,0.00,0.00,0.00,0.00,0.00,0.00,0.00,0.00,0.00,'V','0','0','3-010021*100',1,'2022-11-27 16:47:16','2022-12-04 05:03:56'),(105,'2022-01-14','916','124101100012844','1408456016',NULL,'COMERCIAL LA ESTRELLA',3601.90,0.00,0.00,0.00,0.00,0.00,0.00,0.00,0.00,0.00,'V','0','0','3-010024*103',1,'2022-11-27 16:47:16','2022-12-04 05:03:59'),(106,'2022-01-14','917','124101100012844','6004134011',NULL,'ANGEL CONDORI',25406.40,0.00,0.00,0.00,0.00,0.00,0.00,0.00,0.00,0.00,'V','0','0','3-010025*104',1,'2022-11-27 16:47:16','2022-12-04 05:03:59'),(107,'2022-01-17','918','124101100012844','2533549',NULL,'LA TORRE',5613.00,0.00,0.00,0.00,0.00,0.00,0.00,0.00,0.00,0.00,'V','0','0','3-010028*107',1,'2022-11-27 16:47:16','2022-12-04 05:04:00'),(108,'2022-01-17','919','124101100012844','4925394',NULL,'VARGAS',900.00,0.00,0.00,0.00,0.00,0.00,0.00,0.00,0.00,0.00,'V','0','0','3-010029*108',1,'2022-11-27 16:47:16','2022-12-04 05:04:01'),(109,'2022-01-20','920','124101100012844','1000543021',NULL,'FABRICA DE SOMBREROS CHUQUISACA',5985.00,0.00,0.00,0.00,0.00,0.00,0.00,0.00,0.00,0.00,'V','0','0','3-010032*111',1,'2022-11-27 16:47:16','2022-12-04 05:04:01'),(110,'2022-01-20','921','124101100012844','4786145018',NULL,'RAMIRO JANCO ARANIBAR',119.70,0.00,0.00,0.00,0.00,0.00,0.00,0.00,0.00,0.00,'V','0','0','3-010033*112',1,'2022-11-27 16:47:16','2022-12-04 05:04:01'),(111,'2022-01-21','922','124101100012844','0',NULL,'0',0.00,0.00,0.00,0.00,0.00,0.00,0.00,0.00,0.00,0.00,'A','0','0',NULL,1,'2022-11-27 16:47:16','2022-11-27 16:47:16'),(112,'2022-01-21','923','124101100012844','120179020',NULL,'TEXTILES BURCAL SRL',20250.00,0.00,0.00,0.00,0.00,0.00,0.00,0.00,0.00,0.00,'V','0','0','3-010034*113',1,'2022-11-27 16:47:16','2022-12-04 05:04:02'),(113,'2022-01-28','924','124101100012844','360559022',NULL,'GRASLUB SRL',2222.00,0.00,0.00,0.00,0.00,0.00,0.00,0.00,0.00,0.00,'V','0','0','3-010035*114',1,'2022-11-27 16:47:16','2022-12-04 05:04:03'),(114,'2022-01-28','925','124101100012844','2366193016',NULL,'ISABEL CALDERON',8019.90,0.00,0.00,0.00,0.00,0.00,0.00,0.00,0.00,0.00,'V','0','0','3-010036*115',1,'2022-11-27 16:47:16','2022-12-04 05:04:04'),(115,'2022-01-31','926','124101100012844','2249559',NULL,'CONDE',450.00,0.00,0.00,0.00,0.00,0.00,0.00,0.00,0.00,0.00,'V','0','0','3-010037*116',1,'2022-11-27 16:47:16','2022-12-04 05:04:04'),(116,'2022-01-31','927','124101100012844','2530329',NULL,'LOZA',720.00,0.00,0.00,0.00,0.00,0.00,0.00,0.00,0.00,0.00,'V','0','0','3-010038*117',1,'2022-11-27 16:47:16','2022-12-04 05:04:04'),(117,'2022-01-31','928','124101100012844','4975459',NULL,'ROMERO',182.10,0.00,0.00,0.00,0.00,0.00,0.00,0.00,0.00,0.00,'V','0','0','3-010039*118',1,'2022-11-27 16:47:16','2022-12-04 05:04:04'),(118,'2022-01-31','929','124101100012844','0',NULL,'0',0.00,0.00,0.00,0.00,0.00,0.00,0.00,0.00,0.00,0.00,'A','0','0',NULL,1,'2022-11-27 16:47:16','2022-11-27 16:47:16'),(119,'2022-01-31','930','124101100012844','4932324',NULL,'ROSALES',603.00,0.00,0.00,0.00,0.00,0.00,0.00,0.00,0.00,0.00,'V','0','0','3-010040*119',1,'2022-11-27 16:47:16','2022-12-04 05:04:04'),(156,'2022-01-09','552','129871000128441','4891690',NULL,'LUCY QUISPE HUANCA',2000.00,0.00,0.00,0.00,0.00,0.00,0.00,0.00,0.00,0.00,'V','0','0','3-010010*89',2,'2022-11-27 17:19:43','2022-12-04 05:03:55'),(157,'2022-01-09','553','129871000128441','1258281014',NULL,'FELIX CATARI',5736.15,0.00,0.00,0.00,0.00,0.00,0.00,0.00,0.00,0.00,'V','0','0','3-010011*90',2,'2022-11-27 17:19:43','2022-12-04 05:03:55'),(158,'2022-01-10','554','129871000128441','372201024',NULL,'ECOGRAS SRL',3600.00,0.00,0.00,0.00,0.00,0.00,0.00,0.00,0.00,0.00,'V','0','0','3-010014*93',2,'2022-11-27 17:19:43','2022-12-04 05:03:55'),(159,'2022-01-11','555','129871000128441','360559022',NULL,'GRASLUB SRL',9576.00,0.00,0.00,0.00,0.00,0.00,0.00,0.00,0.00,0.00,'V','0','0','3-010016*95',2,'2022-11-27 17:19:43','2022-12-04 05:03:55'),(160,'2022-01-11','556','129871000128441','4849572019',NULL,'MILENKA GOMEZ ESPINOZA',2401.98,0.00,0.00,0.00,0.00,0.00,0.00,0.00,0.00,0.00,'V','0','0','3-010017*96',2,'2022-11-27 17:19:43','2022-12-04 05:03:56'),(161,'2022-01-11','557','129871000128441','328064019',NULL,'MAXIMA DE QUISPE',9849.00,0.00,0.00,0.00,0.00,0.00,0.00,0.00,0.00,0.00,'V','0','0','3-010018*97',2,'2022-11-27 17:19:43','2022-12-04 05:03:56'),(162,'2022-01-14','558','129871000128441','1408456016',NULL,'COMERCIAL LA ESTRELLA',3601.90,0.00,0.00,0.00,0.00,0.00,0.00,0.00,0.00,0.00,'V','0','0','3-010022*101',2,'2022-11-27 17:19:43','2022-12-04 05:03:57'),(163,'2022-01-14','559','129871000128441','6004134011',NULL,'ANGEL CONDORI',25406.40,0.00,0.00,0.00,0.00,0.00,0.00,0.00,0.00,0.00,'V','0','0','3-010023*102',2,'2022-11-27 17:19:43','2022-12-04 05:03:58'),(164,'2022-01-17','560','129871000128441','2533549',NULL,'LA TORRE',5613.00,0.00,0.00,0.00,0.00,0.00,0.00,0.00,0.00,0.00,'V','0','0','3-010026*105',2,'2022-11-27 17:19:43','2022-12-04 05:04:00'),(165,'2022-01-17','561','129871000128441','4925394',NULL,'VARGAS',900.00,0.00,0.00,0.00,0.00,0.00,0.00,0.00,0.00,0.00,'V','0','0','3-010027*106',2,'2022-11-27 17:19:43','2022-12-04 05:04:00'),(166,'2022-01-20','562','129871000128441','1000543021',NULL,'FABRICA DE SOMBREROS CHUQUISACA',5985.00,0.00,0.00,0.00,0.00,0.00,0.00,0.00,0.00,0.00,'V','0','0','3-010030*109',2,'2022-11-27 17:19:43','2022-12-04 05:04:01'),(167,'2022-01-20','563','129871000128441','4786145018',NULL,'RAMIRO JANCO ARANIBAR',119.70,0.00,0.00,0.00,0.00,0.00,0.00,0.00,0.00,0.00,'V','0','0','3-010031*110',2,'2022-11-27 17:19:43','2022-12-04 05:04:01'),(168,'2022-02-01','931','124101100012844','3445291',NULL,'LOZA',900.00,0.00,0.00,0.00,0.00,0.00,0.00,0.00,0.00,0.00,'V','0','0','3-020003*122',1,'2022-11-27 17:35:08','2022-12-04 06:16:18'),(169,'2022-02-01','932','124101100012844','0',NULL,'ANULADA',0.00,0.00,0.00,0.00,0.00,0.00,0.00,0.00,0.00,0.00,'A','0','0',NULL,1,'2022-11-27 17:35:08','2022-11-27 17:35:08'),(170,'2022-02-01','933','124101100012844','0',NULL,'ANULADA',0.00,0.00,0.00,0.00,0.00,0.00,0.00,0.00,0.00,0.00,'A','0','0',NULL,1,'2022-11-27 17:35:08','2022-11-27 17:35:08'),(171,'2022-02-03','934','124101100012844','372201024',NULL,'ECOGRAS SRL',5280.00,0.00,0.00,0.00,0.00,0.00,0.00,0.00,0.00,0.00,'V','0','0','3-020004*123',1,'2022-11-27 17:35:08','2022-12-04 06:16:18'),(172,'2022-02-04','935','124101100012844','9944133',NULL,'CANSAYA',1434.00,0.00,0.00,0.00,0.00,0.00,0.00,0.00,34.00,0.00,'V','0','0','3-020015*134',1,'2022-11-27 17:35:08','2022-12-04 06:25:26'),(173,'2022-02-09','936','124101100012844','7477583016',NULL,'GENOVEVA POLO CRUZ',3618.00,0.00,0.00,0.00,0.00,0.00,0.00,0.00,0.00,0.00,'V','0','0','3-020006*125',1,'2022-11-27 17:35:08','2022-12-04 06:16:18'),(174,'2022-02-10','937','124101100012844','1071758018',NULL,'ANGEL DAVALOS',3618.00,0.00,0.00,0.00,0.00,0.00,0.00,0.00,0.00,0.00,'V','0','0','3-020007*126',1,'2022-11-27 17:35:08','2022-12-04 06:16:18'),(175,'2022-02-11','938','124101100012844','1258281014',NULL,'FELIX CATARI',2913.60,0.00,0.00,0.00,0.00,0.00,0.00,0.00,0.00,0.00,'V','0','0','3-020008*127',1,'2022-11-27 17:35:08','2022-12-04 06:16:18'),(176,'2022-02-14','939','124101100012844','2884176015',NULL,'HERNAN RODRIGUEZ',15075.00,0.00,0.00,0.00,0.00,0.00,0.00,0.00,0.00,0.00,'V','0','0','3-020009*128',1,'2022-11-27 17:35:08','2022-12-04 06:16:18'),(177,'2022-02-14','940','124101100012844','22038441',NULL,'SALAZAR',1683.90,0.00,0.00,0.00,0.00,0.00,0.00,0.00,0.00,0.00,'V','0','0','3-020010*129',1,'2022-11-27 17:35:08','2022-12-04 06:16:18'),(178,'2022-02-14','941','124101100012844','3448511',NULL,'INFANTE',60.30,0.00,0.00,0.00,0.00,0.00,0.00,0.00,0.00,0.00,'V','0','0','3-020011*130',1,'2022-11-27 17:35:08','2022-12-04 06:16:18'),(179,'2022-02-15','942','124101100012844','0',NULL,'ANULADA',0.00,0.00,0.00,0.00,0.00,0.00,0.00,0.00,0.00,0.00,'A','0','0',NULL,1,'2022-11-27 17:35:08','2022-11-27 17:35:08'),(180,'2022-02-15','943','124101100012844','986168014',NULL,'EDGAR ALBA',4050.00,0.00,0.00,0.00,0.00,0.00,0.00,0.00,0.00,0.00,'V','0','0','3-020012*131',1,'2022-11-27 17:35:08','2022-12-04 06:16:18'),(181,'2022-02-16','944','124101100012844','2530329',NULL,'LOZA',1080.00,0.00,0.00,0.00,0.00,0.00,0.00,0.00,0.00,0.00,'V','0','0','3-020013*132',1,'2022-11-27 17:35:08','2022-12-04 06:16:18'),(182,'2022-02-17','945','124101100012844','4925394',NULL,'VARGAS',1080.00,0.00,0.00,0.00,0.00,0.00,0.00,0.00,0.00,0.00,'V','0','0','3-020014*133',1,'2022-11-27 17:35:08','2022-12-04 06:16:18'),(183,'2022-03-17','946','124101100012844','4525938',NULL,'HUANCA',557.40,0.00,0.00,0.00,0.00,0.00,0.00,0.00,0.00,0.00,'V','0','0',NULL,1,'2022-11-27 17:38:08','2022-11-27 17:38:08'),(184,'2022-03-18','947','124101100012844','1286094017',NULL,'EMETERIO LOVERA',4842.00,0.00,0.00,0.00,0.00,0.00,0.00,0.00,0.00,0.00,'V','0','0',NULL,1,'2022-11-27 17:38:08','2022-11-27 17:38:08'),(185,'2022-03-21','948','124101100012844','129487020',NULL,'SUMMIT OIL SRL',1320.00,0.00,0.00,0.00,0.00,0.00,0.00,0.00,0.00,0.00,'V','0','0',NULL,1,'2022-11-27 17:38:08','2022-11-27 17:38:08'),(186,'2022-03-23','949','124101100012844','1258281014',NULL,'FELIX CATARI',2761.90,0.00,0.00,0.00,0.00,0.00,0.00,0.00,0.00,0.00,'V','0','0',NULL,1,'2022-11-27 17:38:08','2022-11-27 17:38:08'),(187,'2022-03-23','950','124101100012844','328064019',NULL,'MAXIMA DE QUISPE',1060.00,0.00,0.00,0.00,0.00,0.00,0.00,0.00,0.00,0.00,'V','0','0',NULL,1,'2022-11-27 17:38:08','2022-11-27 17:38:08'),(188,'2022-03-23','951','124101100012844','779921014',NULL,'CONCEPCION CHIPANA',3207.90,0.00,0.00,0.00,0.00,0.00,0.00,0.00,0.00,0.00,'V','0','0',NULL,1,'2022-11-27 17:38:08','2022-11-27 17:38:08'),(189,'2022-03-24','952','124101100012844','6154922013',NULL,'JOSE MACHICADO PEREZ',18090.00,0.00,0.00,0.00,0.00,0.00,0.00,0.00,0.00,0.00,'V','0','0',NULL,1,'2022-11-27 17:38:08','2022-11-27 17:38:08'),(190,'2022-03-24','953','124101100012844','6154922013',NULL,'JOSE MACHICADO PEREZ',11950.00,0.00,0.00,0.00,0.00,0.00,0.00,0.00,0.00,0.00,'V','0','0',NULL,1,'2022-11-27 17:38:08','2022-11-27 17:38:08'),(191,'2022-03-24','954','124101100012844','360559022',NULL,'GRAS LUB S.R.L',1320.00,0.00,0.00,0.00,0.00,0.00,0.00,0.00,0.00,0.00,'V','0','0',NULL,1,'2022-11-27 17:38:08','2022-11-27 17:38:08'),(192,'2022-03-25','955','124101100012844','1408456016',NULL,'COMERCIAL LA ESTRELLA',4700.30,0.00,0.00,0.00,0.00,0.00,0.00,0.00,0.00,0.00,'V','0','0',NULL,1,'2022-11-27 17:38:08','2022-11-27 17:38:08'),(193,'2022-03-25','956','124101100012844','3682326014',NULL,'WALKTER MARTINEX COLQUE',1766.40,0.00,0.00,0.00,0.00,0.00,0.00,0.00,0.00,0.00,'V','0','0',NULL,1,'2022-11-27 17:38:08','2022-11-27 17:38:08'),(194,'2022-03-25','957','124101100012844','4006590013',NULL,'PEDRO GUTIERREZ',15075.00,0.00,0.00,0.00,0.00,0.00,0.00,0.00,0.00,0.00,'V','0','0',NULL,1,'2022-11-27 17:38:08','2022-11-27 17:38:08'),(195,'2022-03-25','958','315101000443842','9221254012',NULL,'NELLY CHOQUETARQUI AVILA',5000.00,0.00,0.00,0.00,0.00,0.00,0.00,0.00,0.00,0.00,'V','0','0',NULL,1,'2022-11-27 17:38:08','2022-11-27 17:38:08'),(196,'2022-04-11','959','315101000443842','4948755017',NULL,'OLGA NINA',1197.00,0.00,0.00,0.00,0.00,0.00,0.00,0.00,0.00,0.00,'V','0','0',NULL,1,'2022-11-27 17:42:12','2022-11-27 17:42:12'),(197,'2022-04-11','960','315101000443842','4929183010',NULL,'EVA PAMELA UZQUIANO MONZON',4050.00,0.00,0.00,0.00,0.00,0.00,0.00,0.00,50.00,0.00,'V','0','0',NULL,1,'2022-11-27 17:42:12','2022-11-27 17:42:12'),(198,'2022-04-11','961','315101000443842','360559022','','GRASLUB SRL',1197.00,0.00,0.00,0.00,0.00,0.00,0.00,0.00,0.00,0.00,'V','0','0',NULL,1,'2022-11-27 17:42:12','2022-11-27 19:18:06'),(199,'2022-04-14','962','315101000443842','2587845016',NULL,'GUTIERREZ',7014.90,0.00,0.00,0.00,0.00,0.00,0.00,0.00,0.00,0.00,'V','0','0',NULL,1,'2022-11-27 17:42:12','2022-11-27 17:42:12'),(200,'2022-04-14','963','315101000443842','4848029010',NULL,'JULIA CHURA ZARATE',3632.80,0.00,0.00,0.00,0.00,0.00,0.00,0.00,0.00,0.00,'V','0','0',NULL,1,'2022-11-27 17:42:12','2022-11-27 17:42:12'),(201,'2022-04-17','964','315101000443842','7477583016',NULL,'GENOVEVA POLO CRUZ',3015.00,0.00,0.00,0.00,0.00,0.00,0.00,0.00,0.00,0.00,'V','0','0',NULL,1,'2022-11-27 17:42:12','2022-11-27 17:42:12'),(202,'2022-04-17','965','315101000443842','5179387015',NULL,'CAROLINA JHOVANA PADILLA CHURATA',3375.00,0.00,0.00,0.00,0.00,0.00,0.00,0.00,0.00,0.00,'V','0','0',NULL,1,'2022-11-27 17:42:12','2022-11-27 17:42:12'),(203,'2022-04-20','966','315101000443842','360559022',NULL,'GRASLUB SRL',1197.00,0.00,0.00,0.00,0.00,0.00,0.00,0.00,0.00,0.00,'V','0','0',NULL,1,'2022-11-27 17:42:12','2022-11-27 17:42:12'),(204,'2022-04-20','967','315101000443842','1051955012',NULL,'SILVIA ORTIZ TELLEZ DE FLORES',19296.00,0.00,0.00,0.00,0.00,0.00,0.00,0.00,0.00,0.00,'V','0','0',NULL,1,'2022-11-27 17:42:12','2022-11-27 17:42:12'),(205,'2022-04-21','968','315101000443842','4891690',NULL,'LUCY QUISPE HUANCA',2000.00,0.00,0.00,0.00,0.00,0.00,0.00,0.00,0.00,0.00,'V','0','0',NULL,1,'2022-11-27 17:42:12','2022-11-27 17:42:12'),(206,'2022-04-21','969','315101000443842','1258281014','','FELIX CATARI',5736.15,0.00,0.00,0.00,0.00,0.00,0.00,0.00,0.00,0.00,'V','0','0',NULL,1,'2022-11-27 17:42:12','2022-11-27 19:04:44'),(207,'2022-04-28','970','315101000443842','372201024','','ECOGRAS SRL',3600.00,0.00,0.00,0.00,0.00,0.00,0.00,0.00,0.00,0.00,'V','0','0',NULL,1,'2022-11-27 17:42:12','2022-11-27 19:04:01'),(208,'2022-05-01','1235','315101000443842','12925193','','JUAN CARLOS MAMANI',150.00,0.00,0.00,0.00,20.00,0.00,0.00,0.00,30.00,0.00,'V','21-23-15-55-55-55-55','0',NULL,1,'2022-11-27 17:45:37','2022-11-27 17:45:37'),(209,'2022-05-11','971','315101000443842','360559022',NULL,'GRASLUB SRL',9576.00,0.00,0.00,0.00,0.00,0.00,0.00,0.00,0.00,0.00,'V','0','0',NULL,1,'2022-11-27 19:19:50','2022-11-27 19:19:50'),(210,'2022-05-11','972','315101000443842','4849572019',NULL,'MILENKA GOMEZ ESPINOZA',2401.98,0.00,0.00,0.00,0.00,0.00,0.00,0.00,0.00,0.00,'V','0','0',NULL,1,'2022-11-27 19:19:50','2022-11-27 19:19:50'),(211,'2022-05-11','973','315101000443842','328064019',NULL,'MAXIMA DE QUISPE',9849.00,0.00,0.00,0.00,0.00,0.00,0.00,0.00,0.00,0.00,'V','0','0',NULL,1,'2022-11-27 19:19:50','2022-11-27 19:19:50'),(212,'2022-05-14','974','315101000443842','1408456016',NULL,'COMERCIAL LA ESTRELLA',3601.90,0.00,0.00,0.00,0.00,0.00,0.00,0.00,0.00,0.00,'V','0','0',NULL,1,'2022-11-27 19:19:50','2022-11-27 19:19:50'),(213,'2022-05-14','975','315101000443842','6004134011',NULL,'ANGEL CONDORI',25406.40,0.00,0.00,0.00,0.00,0.00,0.00,0.00,0.00,0.00,'V','0','0',NULL,1,'2022-11-27 19:19:50','2022-11-27 19:19:50'),(214,'2022-05-17','976','315101000443842','2533549',NULL,'LA TORRE',5613.00,0.00,0.00,0.00,0.00,0.00,0.00,0.00,0.00,0.00,'V','0','0',NULL,1,'2022-11-27 19:19:50','2022-11-27 19:19:50'),(215,'2022-05-17','977','315101000443842','4925394',NULL,'VARGAS',900.00,0.00,0.00,0.00,0.00,0.00,0.00,0.00,0.00,0.00,'V','0','0',NULL,1,'2022-11-27 19:19:50','2022-11-27 19:19:50'),(216,'2022-05-20','978','315101000443842','1000543021',NULL,'FABRICA DE SOMBREROS CHUQUISACA',5985.00,0.00,0.00,0.00,0.00,0.00,0.00,0.00,0.00,0.00,'V','0','0',NULL,1,'2022-11-27 19:19:50','2022-11-27 19:19:50'),(217,'2022-05-20','979','315101000443842','4786145018',NULL,'RAMIRO JANCO ARANIBAR',119.70,0.00,0.00,0.00,0.00,0.00,0.00,0.00,0.00,0.00,'V','0','0',NULL,1,'2022-11-27 19:19:50','2022-11-27 19:19:50'),(218,'2022-05-21','980','315101000443842','0',NULL,'0',0.00,0.00,0.00,0.00,0.00,0.00,0.00,0.00,0.00,0.00,'A','0','0',NULL,1,'2022-11-27 19:19:50','2022-11-27 19:19:50'),(219,'2022-05-21','981','315101000443842','120179020',NULL,'TEXTILES BURCAL SRL',20250.00,0.00,0.00,0.00,0.00,0.00,0.00,0.00,0.00,0.00,'V','0','0',NULL,1,'2022-11-27 19:19:50','2022-11-27 19:19:50'),(220,'2022-05-28','982','315101000443842','360559022',NULL,'GRASLUB SRL',2222.00,0.00,0.00,0.00,0.00,0.00,0.00,0.00,0.00,0.00,'V','0','0',NULL,1,'2022-11-27 19:19:50','2022-11-27 19:19:50'),(221,'2022-05-28','983','315101000443842','2366193016',NULL,'ISABEL CALDERON',8019.90,0.00,0.00,0.00,0.00,0.00,0.00,0.00,0.00,0.00,'V','0','0',NULL,1,'2022-11-27 19:19:50','2022-11-27 19:19:50'),(222,'2022-05-30','984','315101000443842','2249559',NULL,'CONDE',450.00,0.00,0.00,0.00,0.00,0.00,0.00,0.00,0.00,0.00,'V','0','0',NULL,1,'2022-11-27 19:19:50','2022-11-27 19:19:50'),(223,'2022-05-30','985','315101000443842','2530329',NULL,'LOZA',720.00,0.00,0.00,0.00,0.00,0.00,0.00,0.00,0.00,0.00,'V','0','0',NULL,1,'2022-11-27 19:19:50','2022-11-27 19:19:50'),(224,'2022-05-30','986','315101000443842','4975459',NULL,'ROMERO',182.10,0.00,0.00,0.00,0.00,0.00,0.00,0.00,0.00,0.00,'V','0','0',NULL,1,'2022-11-27 19:19:50','2022-11-27 19:19:50'),(225,'2022-05-30','987','315101000443842','0',NULL,'0',0.00,0.00,0.00,0.00,0.00,0.00,0.00,0.00,0.00,0.00,'A','0','0',NULL,1,'2022-11-27 19:19:50','2022-11-27 19:19:50'),(226,'2022-05-30','988','315101000443842','4932324',NULL,'ROSALES',603.00,0.00,0.00,0.00,0.00,0.00,0.00,0.00,0.00,0.00,'V','0','0',NULL,1,'2022-11-27 19:19:50','2022-11-27 19:19:50'),(227,'2022-06-25','989','315101000443842','1408456016',NULL,'COMERCIAL LA ESTRELLA',4700.30,0.00,0.00,0.00,0.00,0.00,0.00,0.00,0.00,0.00,'V','0','0',NULL,1,'2022-11-27 19:23:20','2022-11-27 19:23:20'),(228,'2022-06-25','990','315101000443842','3682326014',NULL,'WALKTER MARTINEX COLQUE',1766.40,0.00,0.00,0.00,0.00,0.00,0.00,0.00,66.40,0.00,'V','0','0',NULL,1,'2022-11-27 19:23:20','2022-11-27 19:23:20'),(229,'2022-06-25','991','315101000443842','4006590013',NULL,'PEDRO GUTIERREZ',15075.00,0.00,0.00,0.00,0.00,0.00,0.00,0.00,0.00,0.00,'V','0','0',NULL,1,'2022-11-27 19:23:20','2022-11-27 19:23:20'),(230,'2022-06-25','992','315101000443842','9221254012',NULL,'NELLY CHOQUETARQUI AVILA',5000.00,0.00,0.00,0.00,0.00,0.00,0.00,0.00,0.00,0.00,'V','0','0',NULL,1,'2022-11-27 19:23:20','2022-11-27 19:23:20'),(231,'2022-07-01','993','315101000443842','3445291',NULL,'LOZA',900.00,0.00,0.00,0.00,0.00,0.00,0.00,0.00,0.00,0.00,'V','0','0',NULL,1,'2022-11-27 19:34:42','2022-11-27 19:34:42'),(232,'2022-07-01','994','315101000443842','0',NULL,'ANULADA',0.00,0.00,0.00,0.00,0.00,0.00,0.00,0.00,0.00,0.00,'A','0','0',NULL,1,'2022-11-27 19:34:42','2022-11-27 19:34:42'),(233,'2022-07-01','995','315101000443842','0',NULL,'ANULADA',0.00,0.00,0.00,0.00,0.00,0.00,0.00,0.00,0.00,0.00,'A','0','0',NULL,1,'2022-11-27 19:34:42','2022-11-27 19:34:42'),(234,'2022-07-03','996','315101000443842','372201024',NULL,'ECOGRAS SRL',5280.00,0.00,0.00,0.00,0.00,0.00,0.00,0.00,0.00,0.00,'V','0','0',NULL,1,'2022-11-27 19:34:42','2022-11-27 19:34:42'),(235,'2022-07-04','997','315101000443842','9944133',NULL,'CANSAYA',1434.00,0.00,0.00,0.00,0.00,0.00,0.00,0.00,0.00,0.00,'V','0','0',NULL,1,'2022-11-27 19:34:42','2022-11-27 19:34:42'),(236,'2022-07-09','998','315101000443842','7477583016',NULL,'GENOVEVA POLO CRUZ',3618.00,0.00,0.00,0.00,0.00,0.00,0.00,0.00,0.00,0.00,'V','0','0',NULL,1,'2022-11-27 19:34:42','2022-11-27 19:34:42'),(237,'2022-07-10','999','315101000443842','1071758018',NULL,'ANGEL DAVALOS',3618.00,0.00,0.00,0.00,0.00,0.00,0.00,0.00,0.00,0.00,'V','0','0',NULL,1,'2022-11-27 19:34:42','2022-11-27 19:34:42'),(238,'2022-07-11','1000','315101000443842','1258281014',NULL,'FELIX CATARI',2913.60,0.00,0.00,0.00,0.00,0.00,0.00,0.00,0.00,0.00,'V','0','0',NULL,1,'2022-11-27 19:34:42','2022-11-27 19:34:42'),(239,'2022-07-14','1001','315101000443842','2884176015',NULL,'HERNAN RODRIGUEZ',15075.00,0.00,0.00,0.00,0.00,0.00,0.00,0.00,0.00,0.00,'V','0','0',NULL,1,'2022-11-27 19:34:42','2022-11-27 19:34:42'),(240,'2022-07-14','1002','315101000443842','22038441',NULL,'SALAZAR',1683.90,0.00,0.00,0.00,0.00,0.00,0.00,0.00,0.00,0.00,'V','0','0',NULL,1,'2022-11-27 19:34:42','2022-11-27 19:34:42'),(241,'2022-07-14','1003','315101000443842','3448511',NULL,'INFANTE',60.30,0.00,0.00,0.00,0.00,0.00,0.00,0.00,0.00,0.00,'V','0','0',NULL,1,'2022-11-27 19:34:42','2022-11-27 19:34:42'),(242,'2022-07-15','1004','315101000443842','0',NULL,'ANULADA',0.00,0.00,0.00,0.00,0.00,0.00,0.00,0.00,0.00,0.00,'A','0','0',NULL,1,'2022-11-27 19:34:42','2022-11-27 19:34:42'),(243,'2022-07-15','1005','315101000443842','986168014',NULL,'EDGAR ALBA',4050.00,0.00,0.00,0.00,0.00,0.00,0.00,0.00,0.00,0.00,'V','0','0',NULL,1,'2022-11-27 19:34:42','2022-11-27 19:34:42'),(244,'2022-07-16','1006','315101000443842','2530329',NULL,'LOZA',1080.00,0.00,0.00,0.00,0.00,0.00,0.00,0.00,0.00,0.00,'V','0','0',NULL,1,'2022-11-27 19:34:42','2022-11-27 19:34:42'),(245,'2022-07-17','1007','315101000443842','4925394',NULL,'VARGAS',1080.00,0.00,0.00,0.00,0.00,0.00,0.00,0.00,0.00,0.00,'V','0','0',NULL,1,'2022-11-27 19:34:42','2022-11-27 19:34:42'),(246,'2022-07-17','1008','315101000443842','4525938',NULL,'HUANCA',557.40,0.00,0.00,0.00,0.00,0.00,0.00,0.00,0.00,0.00,'V','0','0',NULL,1,'2022-11-27 19:34:42','2022-11-27 19:34:42'),(247,'2022-07-18','1009','315101000443842','1286094017',NULL,'EMETERIO LOVERA',4842.00,0.00,0.00,0.00,0.00,0.00,0.00,0.00,0.00,0.00,'V','0','0',NULL,1,'2022-11-27 19:34:42','2022-11-27 19:34:42'),(248,'2022-07-21','1010','315101000443842','129487020',NULL,'SUMMIT OIL SRL',1320.00,0.00,0.00,0.00,0.00,0.00,0.00,0.00,0.00,0.00,'V','0','0',NULL,1,'2022-11-27 19:34:42','2022-11-27 19:34:42'),(249,'2022-07-23','1011','315101000443842','1258281014',NULL,'FELIX CATARI',2761.90,0.00,0.00,0.00,0.00,0.00,0.00,0.00,0.00,0.00,'V','0','0',NULL,1,'2022-11-27 19:34:42','2022-11-27 19:34:42'),(250,'2022-07-23','1012','315101000443842','328064019',NULL,'MAXIMA DE QUISPE',1060.00,0.00,0.00,0.00,0.00,0.00,0.00,0.00,0.00,0.00,'V','0','0',NULL,1,'2022-11-27 19:34:42','2022-11-27 19:34:42'),(251,'2022-07-23','1013','315101000443842','779921014',NULL,'CONCEPCION CHIPANA',3207.90,0.00,0.00,0.00,0.00,0.00,0.00,0.00,0.00,0.00,'V','0','0',NULL,1,'2022-11-27 19:34:42','2022-11-27 19:34:42'),(252,'2022-07-24','1014','315101000443842','6154922013',NULL,'JOSE MACHICADO PEREZ',18090.00,0.00,0.00,0.00,0.00,0.00,0.00,0.00,0.00,0.00,'V','0','0',NULL,1,'2022-11-27 19:34:42','2022-11-27 19:34:42'),(253,'2022-07-24','1015','315101000443842','6154922013',NULL,'JOSE MACHICADO PEREZ',11950.00,0.00,0.00,0.00,0.00,0.00,0.00,0.00,0.00,0.00,'V','0','0',NULL,1,'2022-11-27 19:34:42','2022-11-27 19:34:42'),(254,'2022-07-24','1016','315101000443842','360559022',NULL,'GRAS LUB S.R.L',1320.00,0.00,0.00,0.00,0.00,0.00,0.00,0.00,0.00,0.00,'V','0','0',NULL,1,'2022-11-27 19:34:42','2022-11-27 19:34:42'),(255,'2022-08-03','1017','124101100012844','6154922013',NULL,'JOSE PEREZ',14004.90,0.00,0.00,0.00,0.00,0.00,0.00,0.00,0.00,0.00,'V','0','0',NULL,1,'2022-11-27 19:37:48','2022-11-27 19:37:48'),(256,'2022-08-03','1018','124101100012844','0',NULL,'0',0.00,0.00,0.00,0.00,0.00,0.00,0.00,0.00,0.00,0.00,'A','0','0',NULL,1,'2022-11-27 19:37:48','2022-11-27 19:37:48'),(257,'2022-08-03','1019','124101100012844','2587845016',NULL,'GUTIERREZ',6512.40,0.00,0.00,0.00,0.00,0.00,0.00,0.00,0.00,0.00,'V','0','0',NULL,1,'2022-11-27 19:37:48','2022-11-27 19:37:48'),(258,'2022-08-08','1020','124101100012844','6004134011',NULL,'ANGEL CONDORI',17024.70,0.00,0.00,0.00,0.00,0.00,0.00,0.00,0.00,0.00,'V','0','0',NULL,1,'2022-11-27 19:37:48','2022-11-27 19:37:48'),(259,'2022-08-08','1021','124101100012844','0',NULL,'0',0.00,0.00,0.00,0.00,0.00,0.00,0.00,0.00,0.00,0.00,'A','0','0',NULL,1,'2022-11-27 19:37:48','2022-11-27 19:37:48'),(260,'2022-08-08','1022','124101100012844','3682326014',NULL,'WALTER MARTINEZ COLQUE',1790.70,0.00,0.00,0.00,0.00,0.00,0.00,0.00,0.00,0.00,'V','0','0',NULL,1,'2022-11-27 19:37:48','2022-11-27 19:37:48'),(261,'2022-08-08','1023','124101100012844','2063835015',NULL,'PRUDENCIO',559.50,0.00,0.00,0.00,0.00,0.00,0.00,0.00,0.00,0.00,'V','0','0',NULL,1,'2022-11-27 19:37:48','2022-11-27 19:37:48'),(262,'2022-08-08','1024','124101100012844','360559022',NULL,'GRASLUB',3960.00,0.00,0.00,0.00,0.00,0.00,0.00,0.00,0.00,0.00,'V','0','0',NULL,1,'2022-11-27 19:37:48','2022-11-27 19:37:48'),(263,'2022-08-09','1025','124101100012844','1258281014',NULL,'FELIX CATARI',11590.20,0.00,0.00,0.00,0.00,0.00,0.00,0.00,0.00,0.00,'V','0','0',NULL,1,'2022-11-27 19:37:48','2022-11-27 19:37:48'),(264,'2022-08-09','1026','124101100012844','1000543021',NULL,'FABRICA DE SOMBREROS CHUQUISACA SRL',6600.00,0.00,0.00,0.00,0.00,0.00,0.00,0.00,0.00,0.00,'V','0','0',NULL,1,'2022-11-27 19:37:48','2022-11-27 19:37:48'),(265,'2022-08-09','1027','124101100012844','8323513019',NULL,'GARY NAVIA',3200.80,0.00,0.00,0.00,0.00,0.00,0.00,0.00,0.00,0.00,'V','0','0',NULL,1,'2022-11-27 19:37:48','2022-11-27 19:37:48'),(266,'2022-08-09','1028','124101100012844','2762927017',NULL,'ADIVA VELASCO',6700.50,0.00,0.00,0.00,0.00,0.00,0.00,0.00,0.00,0.00,'V','0','0',NULL,1,'2022-11-27 19:37:48','2022-11-27 19:37:48'),(267,'2022-08-09','1029','124101100012844','4120142012',NULL,'OSCAR AREVILLCA ANCASI',1809.00,0.00,0.00,0.00,0.00,0.00,0.00,0.00,0.00,0.00,'V','0','0',NULL,1,'2022-11-27 19:37:48','2022-11-27 19:37:48'),(268,'2022-08-10','1030','124101100012844','1000543021',NULL,'FABRICA DE SOMBREROS CHUQUISACA SRL',5280.00,0.00,0.00,0.00,0.00,0.00,0.00,0.00,0.00,0.00,'V','0','0',NULL,1,'2022-11-27 19:37:48','2022-11-27 19:37:48'),(269,'2022-08-11','1031','124101100012844','817638015',NULL,'LUZ  MIRIAM ORTEGA SEQUEIROS',282.60,0.00,0.00,0.00,0.00,0.00,0.00,0.00,0.00,0.00,'V','0','0',NULL,1,'2022-11-27 19:37:48','2022-11-27 19:37:48'),(270,'2022-08-11','1032','124101100012844','817638015',NULL,'LUZ  MIRIAM ORTEGA SEQUEIROS',3678.80,0.00,0.00,0.00,0.00,0.00,0.00,0.00,73.60,0.00,'V','0','0',NULL,1,'2022-11-27 19:37:48','2022-11-27 19:37:48'),(271,'2022-08-14','1033','124101100012844','121989025',NULL,'POLICIA BOLIVIANO',450.00,0.00,0.00,0.00,0.00,0.00,0.00,0.00,0.00,0.00,'V','0','0',NULL,1,'2022-11-27 19:37:48','2022-11-27 19:37:48'),(272,'2022-08-16','1034','124101100012844','8516336',NULL,'IRASA PRISCILA GUTIERREZ COLQUE',1206.00,0.00,0.00,0.00,0.00,0.00,0.00,0.00,0.00,0.00,'V','0','0',NULL,1,'2022-11-27 19:37:48','2022-11-27 19:37:48'),(273,'2022-08-16','1035','124101100012844','372201024',NULL,'ECOGRAS SRL',5280.00,0.00,0.00,0.00,0.00,0.00,0.00,0.00,0.00,0.00,'V','0','0',NULL,1,'2022-11-27 19:37:48','2022-11-27 19:37:48'),(274,'2022-08-16','1036','124101100012844','3040179014',NULL,'EUSEBIO AGUSTIN AJHUACHO CANAZA',2031.50,0.00,0.00,0.00,0.00,0.00,0.00,0.00,0.00,0.00,'V','0','0',NULL,1,'2022-11-27 19:37:48','2022-11-27 19:37:48'),(275,'2022-08-17','1037','124101100012844','2171996014',NULL,'OIL STARD',3542.00,0.00,0.00,0.00,0.00,0.00,0.00,0.00,0.00,0.00,'V','0','0',NULL,1,'2022-11-27 19:37:48','2022-11-27 19:37:48'),(276,'2022-08-18','1038','124101100012844','2632472014',NULL,'VALENTIN MAMANI QUISPE',3972.20,0.00,0.00,0.00,0.00,0.00,0.00,0.00,0.00,0.00,'V','0','0',NULL,1,'2022-11-27 19:37:48','2022-11-27 19:37:48'),(277,'2022-08-18','1039','124101100012844','2632472014',NULL,'VALENTIN MAMANI QUISPE',6030.00,0.00,0.00,0.00,0.00,0.00,0.00,0.00,0.00,0.00,'V','0','0',NULL,1,'2022-11-27 19:37:48','2022-11-27 19:37:48'),(278,'2022-08-18','1040','124101100012844','1408456016',NULL,'COMERCIAL LA ESTRELLA',3800.90,0.00,0.00,0.00,0.00,0.00,0.00,0.00,0.00,0.00,'V','0','0',NULL,1,'2022-11-27 19:37:48','2022-11-27 19:37:48'),(279,'2022-08-21','1041','124101100012844','5179387015',NULL,'CAROLINA JHOVANA PADILLA CHURATA',6750.00,0.00,0.00,0.00,0.00,0.00,0.00,0.00,202.50,0.00,'V','0','0',NULL,1,'2022-11-27 19:37:48','2022-11-27 19:37:48'),(280,'2022-08-21','1042','124101100012844','120179020',NULL,'TEXTILES BURCAL SRL',13200.00,0.00,0.00,0.00,0.00,0.00,0.00,0.00,0.00,0.00,'V','0','0',NULL,1,'2022-11-27 19:37:48','2022-11-27 19:37:48'),(281,'2022-08-21','1043','124101100012844','0',NULL,'0',0.00,0.00,0.00,0.00,0.00,0.00,0.00,0.00,0.00,0.00,'A','0','0',NULL,1,'2022-11-27 19:37:48','2022-11-27 19:37:48'),(282,'2022-08-21','1044','124101100012844','0',NULL,'0',0.00,0.00,0.00,0.00,0.00,0.00,0.00,0.00,0.00,0.00,'A','0','0',NULL,1,'2022-11-27 19:37:48','2022-11-27 19:37:48'),(283,'2022-08-21','1045','124101100012844','0',NULL,'0',0.00,0.00,0.00,0.00,0.00,0.00,0.00,0.00,0.00,0.00,'A','0','0',NULL,1,'2022-11-27 19:37:48','2022-11-27 19:37:48'),(284,'2022-08-21','1046','124101100012844','0',NULL,'0',0.00,0.00,0.00,0.00,0.00,0.00,0.00,0.00,0.00,0.00,'A','0','0',NULL,1,'2022-11-27 19:37:48','2022-11-27 19:37:48'),(285,'2022-08-21','1047','124101100012844','0',NULL,'0',0.00,0.00,0.00,0.00,0.00,0.00,0.00,0.00,0.00,0.00,'A','0','0',NULL,1,'2022-11-27 19:37:48','2022-11-27 19:37:48'),(286,'2022-08-22','1048','124101100012844','378117025',NULL,'JETLUB SRL',2684.00,0.00,0.00,0.00,0.00,0.00,0.00,0.00,0.00,0.00,'V','0','0',NULL,1,'2022-11-27 19:37:48','2022-11-27 19:37:48'),(287,'2022-08-22','1049','124101100012844','0',NULL,'0',0.00,0.00,0.00,0.00,0.00,0.00,0.00,0.00,0.00,0.00,'A','0','0',NULL,1,'2022-11-27 19:37:48','2022-11-27 19:37:48'),(288,'2022-08-22','1050','124101100012844','129487020',NULL,'SUMMIT OIL SRL',1320.00,0.00,0.00,0.00,0.00,0.00,0.00,0.00,0.00,0.00,'V','0','0',NULL,1,'2022-11-27 19:37:48','2022-11-27 19:37:48'),(289,'2022-08-22','1051','124101100012844','5729323010',NULL,'RUDY JAVIER CHAPARRO',1434.00,0.00,0.00,0.00,0.00,0.00,0.00,0.00,0.00,0.00,'V','0','0',NULL,1,'2022-11-27 19:37:48','2022-11-27 19:37:48'),(290,'2022-08-23','1052','124101100012844','328064019',NULL,'MAXIMA DE QUISPE',10492.20,0.00,0.00,0.00,0.00,0.00,0.00,0.00,0.00,0.00,'V','0','0',NULL,1,'2022-11-27 19:37:48','2022-11-27 19:37:48'),(291,'2022-08-25','1053','124101100012844','3682326014',NULL,'WALTER MARTINEZ COLQUE',860.30,0.00,0.00,0.00,0.00,0.00,0.00,0.00,0.00,0.00,'V','0','0',NULL,1,'2022-11-27 19:37:48','2022-11-27 19:37:48'),(292,'2022-08-25','1054','124101100012844','1408456016',NULL,'COMERCIAL LA ESTRELLA',2801.90,0.00,0.00,0.00,0.00,0.00,0.00,0.00,0.00,0.00,'V','0','0',NULL,1,'2022-11-27 19:37:48','2022-11-27 19:37:48'),(293,'2022-08-28','1055','124101100012844','360559022',NULL,'GRASLUB',3960.00,0.00,0.00,0.00,0.00,0.00,0.00,0.00,0.00,0.00,'V','0','0',NULL,1,'2022-11-27 19:37:48','2022-11-27 19:37:48'),(294,'2022-08-30','1056','124101100012844','7477583016',NULL,'GENOVEVA POLO CRUZ',3618.00,0.00,0.00,0.00,0.00,0.00,0.00,0.00,0.00,0.00,'V','0','0',NULL,1,'2022-11-27 19:37:48','2022-11-27 19:37:48'),(295,'2022-08-30','1057','124101100012844','0',NULL,'0',0.00,0.00,0.00,0.00,0.00,0.00,0.00,0.00,0.00,0.00,'A','0','0',NULL,1,'2022-11-27 19:37:48','2022-11-27 19:37:48'),(296,'2022-09-14','1058','124101100012844','121989025','','POLICIA BOLIVIANA',450.00,0.00,0.00,0.00,0.00,0.00,0.00,0.00,0.00,0.00,'V','0','0',NULL,1,'2022-11-27 19:40:55','2022-11-27 19:42:41'),(297,'2022-09-16','1059','124101100012844','8516336',NULL,'IRASA PRISCILA GUTIERREZ COLQUE',1206.00,0.00,0.00,0.00,0.00,0.00,0.00,0.00,0.00,0.00,'V','0','0',NULL,1,'2022-11-27 19:40:55','2022-11-27 19:40:55'),(298,'2022-09-16','1060','124101100012844','372201024',NULL,'ECOGRAS SRL',5280.00,0.00,0.00,0.00,0.00,0.00,0.00,0.00,0.00,0.00,'V','0','0',NULL,1,'2022-11-27 19:40:55','2022-11-27 19:40:55'),(299,'2022-09-16','1061','124101100012844','3040179014',NULL,'EUSEBIO AGUSTIN AJHUACHO CANAZA',2031.50,0.00,0.00,0.00,0.00,0.00,0.00,0.00,0.00,0.00,'V','0','0',NULL,1,'2022-11-27 19:40:55','2022-11-27 19:40:55'),(300,'2022-09-17','1062','124101100012844','2171996014',NULL,'OIL STARD',3542.00,0.00,0.00,0.00,0.00,0.00,0.00,0.00,0.00,0.00,'V','0','0',NULL,1,'2022-11-27 19:40:55','2022-11-27 19:40:55'),(301,'2022-09-18','1063','124101100012844','2632472014',NULL,'VALENTIN MAMANI QUISPE',3972.20,0.00,0.00,0.00,0.00,0.00,0.00,0.00,0.00,0.00,'V','0','0',NULL,1,'2022-11-27 19:40:55','2022-11-27 19:40:55'),(302,'2022-09-18','1064','124101100012844','2632472014',NULL,'VALENTIN MAMANI QUISPE',6030.00,0.00,0.00,0.00,0.00,0.00,0.00,0.00,0.00,0.00,'V','0','0',NULL,1,'2022-11-27 19:40:55','2022-11-27 19:40:55'),(303,'2022-09-18','1065','124101100012844','1408456016',NULL,'COMERCIAL LA ESTRELLA',3800.90,0.00,0.00,0.00,0.00,0.00,0.00,0.00,0.00,0.00,'V','0','0',NULL,1,'2022-11-27 19:40:55','2022-11-27 19:40:55'),(304,'2022-09-21','1066','124101100012844','5179387015',NULL,'CAROLINA JHOVANA PADILLA CHURATA',6750.00,0.00,0.00,0.00,0.00,0.00,0.00,0.00,202.50,0.00,'V','0','0',NULL,1,'2022-11-27 19:40:55','2022-11-27 19:40:55'),(305,'2022-09-30','1067','124101100012844','120179020',NULL,'TEXTILES BURCAL SRL',13200.00,0.00,0.00,0.00,0.00,0.00,0.00,0.00,0.00,0.00,'V','0','0',NULL,1,'2022-11-27 19:40:55','2022-11-27 19:40:55'),(306,'2022-10-21','1068','124101100012844','0',NULL,'0',0.00,0.00,0.00,0.00,0.00,0.00,0.00,0.00,0.00,0.00,'A','0','0',NULL,1,'2022-11-27 19:45:08','2022-11-27 19:45:08'),(307,'2022-10-22','1069','124101100012844','378117025',NULL,'JETLUB SRL',2684.00,0.00,0.00,0.00,0.00,0.00,0.00,0.00,0.00,0.00,'V','0','0',NULL,1,'2022-11-27 19:45:08','2022-11-27 19:45:08'),(308,'2022-10-22','1070','124101100012844','0',NULL,'0',0.00,0.00,0.00,0.00,0.00,0.00,0.00,0.00,0.00,0.00,'A','0','0',NULL,1,'2022-11-27 19:45:08','2022-11-27 19:45:08'),(309,'2022-10-22','1071','124101100012844','129487020',NULL,'SUMMIT OIL SRL',1320.00,0.00,0.00,0.00,0.00,0.00,0.00,0.00,0.00,0.00,'V','0','0',NULL,1,'2022-11-27 19:45:08','2022-11-27 19:45:08'),(310,'2022-10-22','1072','124101100012844','5729323010',NULL,'RUDY JAVIER CHAPARRO',1434.00,0.00,0.00,0.00,0.00,0.00,0.00,0.00,0.00,0.00,'V','0','0',NULL,1,'2022-11-27 19:45:08','2022-11-27 19:45:08'),(311,'2022-10-23','1073','124101100012844','328064019',NULL,'MAXIMA DE QUISPE',10492.20,0.00,0.00,0.00,0.00,0.00,0.00,0.00,0.00,0.00,'V','0','0',NULL,1,'2022-11-27 19:45:08','2022-11-27 19:45:08'),(312,'2022-10-25','1074','124101100012844','3682326014',NULL,'WALTER MARTINEZ COLQUE',860.30,0.00,0.00,0.00,0.00,0.00,0.00,0.00,0.00,0.00,'V','0','0',NULL,1,'2022-11-27 19:45:08','2022-11-27 19:45:08'),(313,'2022-10-25','1075','124101100012844','1408456016',NULL,'COMERCIAL LA ESTRELLA',2801.90,0.00,0.00,0.00,0.00,0.00,0.00,0.00,0.00,0.00,'V','0','0',NULL,1,'2022-11-27 19:45:08','2022-11-27 19:45:08'),(314,'2022-10-28','1076','124101100012844','360559022',NULL,'GRASLUB',3960.00,0.00,0.00,0.00,0.00,0.00,0.00,0.00,0.00,0.00,'V','0','0',NULL,1,'2022-11-27 19:45:08','2022-11-27 19:45:08'),(315,'2022-10-30','1077','124101100012844','7477583016',NULL,'GENOVEVA POLO CRUZ',3618.00,0.00,0.00,0.00,0.00,0.00,0.00,0.00,0.00,0.00,'V','0','0',NULL,1,'2022-11-27 19:45:08','2022-11-27 19:45:08'),(316,'2022-10-30','1078','124101100012844','0',NULL,'0',0.00,0.00,0.00,0.00,0.00,0.00,0.00,0.00,0.00,0.00,'A','0','0',NULL,1,'2022-11-27 19:45:08','2022-11-27 19:45:08'),(317,'2022-10-14','1079','124101100012844','121989025',NULL,'POLICIA BOLIVIANO',450.00,0.00,0.00,0.00,0.00,0.00,0.00,0.00,0.00,0.00,'V','0','0',NULL,1,'2022-11-27 19:45:08','2022-11-27 19:45:08'),(318,'2022-10-16','1080','124101100012844','8516336',NULL,'IRASA PRISCILA GUTIERREZ COLQUE',1206.00,0.00,0.00,0.00,0.00,0.00,0.00,0.00,0.00,0.00,'V','0','0',NULL,1,'2022-11-27 19:45:08','2022-11-27 19:45:08'),(319,'2022-10-16','1081','124101100012844','372201024',NULL,'ECOGRAS SRL',5280.00,0.00,0.00,0.00,0.00,0.00,0.00,0.00,0.00,0.00,'V','0','0',NULL,1,'2022-11-27 19:45:08','2022-11-27 19:45:08'),(320,'2022-10-16','1082','124101100012844','3040179014',NULL,'EUSEBIO AGUSTIN AJHUACHO CANAZA',2031.50,0.00,0.00,0.00,0.00,0.00,0.00,0.00,0.00,0.00,'V','0','0',NULL,1,'2022-11-27 19:45:08','2022-11-27 19:45:08'),(321,'2022-10-17','1083','124101100012844','2171996014',NULL,'OIL STARD',3542.00,0.00,0.00,0.00,0.00,0.00,0.00,0.00,0.00,0.00,'V','0','0',NULL,1,'2022-11-27 19:45:08','2022-11-27 19:45:08'),(322,'2022-10-18','1084','124101100012844','2632472014',NULL,'VALENTIN MAMANI QUISPE',3972.20,0.00,0.00,0.00,0.00,0.00,0.00,0.00,0.00,0.00,'V','0','0',NULL,1,'2022-11-27 19:45:08','2022-11-27 19:45:08'),(323,'2022-10-18','1085','124101100012844','2632472014',NULL,'VALENTIN MAMANI QUISPE',6030.00,0.00,0.00,0.00,0.00,0.00,0.00,0.00,0.00,0.00,'V','0','0',NULL,1,'2022-11-27 19:45:08','2022-11-27 19:45:08'),(324,'2022-10-18','1086','124101100012844','1408456016',NULL,'COMERCIAL LA ESTRELLA',3800.90,0.00,0.00,0.00,0.00,0.00,0.00,0.00,0.00,0.00,'V','0','0',NULL,1,'2022-11-27 19:45:08','2022-11-27 19:45:08'),(325,'2022-10-21','1087','124101100012844','5179387015',NULL,'CAROLINA JHOVANA PADILLA CHURATA',6750.00,0.00,0.00,0.00,0.00,0.00,0.00,0.00,202.50,0.00,'V','0','0',NULL,1,'2022-11-27 19:45:08','2022-11-27 19:45:08'),(326,'2022-10-21','1088','124101100012844','120179020',NULL,'TEXTILES BURCAL SRL',13200.00,0.00,0.00,0.00,0.00,0.00,0.00,0.00,0.00,0.00,'V','0','0',NULL,1,'2022-11-27 19:45:08','2022-11-27 19:45:08'),(327,'2022-11-02','1079','124101100012844','12925193','','JUAN CARLOS MAMANI',8070.00,10.00,10.00,10.00,10.00,10.00,10.00,10.00,10.00,10.00,'A','0','0',NULL,1,'2022-11-27 19:48:41','2022-11-27 19:48:41');
/*!40000 ALTER TABLE `ventas` ENABLE KEYS */;
UNLOCK TABLES;

--
-- Temporary table structure for view `vista_detalle_plan_de_cuentas_por_subcuenta`
--

DROP TABLE IF EXISTS `vista_detalle_plan_de_cuentas_por_subcuenta`;
/*!50001 DROP VIEW IF EXISTS `vista_detalle_plan_de_cuentas_por_subcuenta`*/;
SET @saved_cs_client     = @@character_set_client;
SET character_set_client = utf8;
/*!50001 CREATE TABLE `vista_detalle_plan_de_cuentas_por_subcuenta` (
  `subCuenta_codigo` tinyint NOT NULL,
  `subCuenta_descripcion` tinyint NOT NULL,
  `cuenta_id` tinyint NOT NULL,
  `cuenta_codigo` tinyint NOT NULL,
  `cuenta_descripcion` tinyint NOT NULL,
  `subGrupo_id` tinyint NOT NULL,
  `subGrupo_codigo` tinyint NOT NULL,
  `subGrupo_descripcion` tinyint NOT NULL,
  `grupo_id` tinyint NOT NULL,
  `grupo_codigo` tinyint NOT NULL,
  `grupo_descripcion` tinyint NOT NULL,
  `tipo_id` tinyint NOT NULL,
  `tipo_codigo` tinyint NOT NULL,
  `tipo_descripcion` tinyint NOT NULL,
  `subCuenta_estado` tinyint NOT NULL,
  `cuenta_estado` tinyint NOT NULL,
  `subGrupo_estado` tinyint NOT NULL,
  `grupo_estado` tinyint NOT NULL,
  `tipo_estado` tinyint NOT NULL
) ENGINE=MyISAM */;
SET character_set_client = @saved_cs_client;

--
-- Temporary table structure for view `vista_registros_para_mayores`
--

DROP TABLE IF EXISTS `vista_registros_para_mayores`;
/*!50001 DROP VIEW IF EXISTS `vista_registros_para_mayores`*/;
SET @saved_cs_client     = @@character_set_client;
SET character_set_client = utf8;
/*!50001 CREATE TABLE `vista_registros_para_mayores` (
  `id_comprobante` tinyint NOT NULL,
  `estado_comprobante` tinyint NOT NULL,
  `nroComprobante` tinyint NOT NULL,
  `fecha` tinyint NOT NULL,
  `concepto` tinyint NOT NULL,
  `notas` tinyint NOT NULL,
  `observaciones` tinyint NOT NULL,
  `documento` tinyint NOT NULL,
  `numeroDocumento` tinyint NOT NULL,
  `ejercicio_id` tinyint NOT NULL,
  `tipoComprobante_id` tinyint NOT NULL,
  `nombre_tipo_comprobante` tinyint NOT NULL,
  `subcuenta_id` tinyint NOT NULL,
  `debe` tinyint NOT NULL,
  `haber` tinyint NOT NULL,
  `orden_subcuenta` tinyint NOT NULL
) ENGINE=MyISAM */;
SET character_set_client = @saved_cs_client;

--
-- Final view structure for view `vista_detalle_plan_de_cuentas_por_subcuenta`
--

/*!50001 DROP TABLE IF EXISTS `vista_detalle_plan_de_cuentas_por_subcuenta`*/;
/*!50001 DROP VIEW IF EXISTS `vista_detalle_plan_de_cuentas_por_subcuenta`*/;
/*!50001 SET @saved_cs_client          = @@character_set_client */;
/*!50001 SET @saved_cs_results         = @@character_set_results */;
/*!50001 SET @saved_col_connection     = @@collation_connection */;
/*!50001 SET character_set_client      = utf8mb4 */;
/*!50001 SET character_set_results     = utf8mb4 */;
/*!50001 SET collation_connection      = utf8mb4_unicode_ci */;
/*!50001 CREATE ALGORITHM=UNDEFINED */
/*!50013 DEFINER=`root`@`localhost` SQL SECURITY DEFINER */
/*!50001 VIEW `vista_detalle_plan_de_cuentas_por_subcuenta` AS select distinct `sistcontablel9_v3`.`pc_sub_cuenta`.`id` AS `subCuenta_codigo`,`sistcontablel9_v3`.`pc_partida_contable`.`descripcion` AS `subCuenta_descripcion`,`sistcontablel9_v3`.`pc_sub_cuenta`.`cuenta_id` AS `cuenta_id`,`cuentas`.`cuenta_codigo` AS `cuenta_codigo`,`cuentas`.`cuenta_descripcion` AS `cuenta_descripcion`,`cuentas`.`subGrupo_id` AS `subGrupo_id`,`subgrupos`.`subGrupo_codigo` AS `subGrupo_codigo`,`subgrupos`.`subGrupo_descripcion` AS `subGrupo_descripcion`,`subgrupos`.`grupo_id` AS `grupo_id`,`grupos`.`grupo_codigo` AS `grupo_codigo`,`grupos`.`grupo_descripcion` AS `grupo_descripcion`,`grupos`.`tipo_id` AS `tipo_id`,`tipos`.`tipo_codigo` AS `tipo_codigo`,`tipos`.`tipo_descripcion` AS `tipo_descripcion`,`sistcontablel9_v3`.`pc_partida_contable`.`estado` AS `subCuenta_estado`,`cuentas`.`cuenta_estado` AS `cuenta_estado`,`subgrupos`.`subGrupo_estado` AS `subGrupo_estado`,`grupos`.`grupo_estado` AS `grupo_estado`,`tipos`.`tipo_estado` AS `tipo_estado` from (((((`sistcontablel9_v3`.`pc_sub_cuenta` join `sistcontablel9_v3`.`pc_partida_contable` on(`sistcontablel9_v3`.`pc_partida_contable`.`codigo` = `sistcontablel9_v3`.`pc_sub_cuenta`.`codigo_partida`)) join (select `sistcontablel9_v3`.`pc_cuenta`.`id` AS `cuenta_codigo`,`sistcontablel9_v3`.`pc_partida_contable`.`descripcion` AS `cuenta_descripcion`,`sistcontablel9_v3`.`pc_partida_contable`.`estado` AS `cuenta_estado`,`sistcontablel9_v3`.`pc_cuenta`.`subGrupo_id` AS `subGrupo_id` from (`sistcontablel9_v3`.`pc_cuenta` join `sistcontablel9_v3`.`pc_partida_contable` on(`sistcontablel9_v3`.`pc_partida_contable`.`codigo` = `sistcontablel9_v3`.`pc_cuenta`.`codigo_partida`))) `cuentas` on(`cuentas`.`cuenta_codigo` = `sistcontablel9_v3`.`pc_sub_cuenta`.`cuenta_id`)) join (select `sistcontablel9_v3`.`pc_sub_grupo`.`id` AS `subGrupo_codigo`,`sistcontablel9_v3`.`pc_partida_contable`.`descripcion` AS `subGrupo_descripcion`,`sistcontablel9_v3`.`pc_partida_contable`.`estado` AS `subGrupo_estado`,`sistcontablel9_v3`.`pc_sub_grupo`.`grupo_id` AS `grupo_id` from (`sistcontablel9_v3`.`pc_sub_grupo` join `sistcontablel9_v3`.`pc_partida_contable` on(`sistcontablel9_v3`.`pc_partida_contable`.`codigo` = `sistcontablel9_v3`.`pc_sub_grupo`.`codigo_partida`))) `subgrupos` on(`subgrupos`.`subGrupo_codigo` = `cuentas`.`subGrupo_id`)) join (select `sistcontablel9_v3`.`pc_grupo`.`id` AS `grupo_codigo`,`sistcontablel9_v3`.`pc_partida_contable`.`descripcion` AS `grupo_descripcion`,`sistcontablel9_v3`.`pc_partida_contable`.`estado` AS `grupo_estado`,`sistcontablel9_v3`.`pc_partida_contable`.`tipo_id` AS `tipo_id` from (`sistcontablel9_v3`.`pc_grupo` join `sistcontablel9_v3`.`pc_partida_contable` on(`sistcontablel9_v3`.`pc_partida_contable`.`codigo` = `sistcontablel9_v3`.`pc_grupo`.`codigo_partida`))) `grupos` on(`grupos`.`grupo_codigo` = `subgrupos`.`grupo_id`)) join (select `sistcontablel9_v3`.`pc_tipo`.`id` AS `tipo_codigo`,`sistcontablel9_v3`.`pc_tipo`.`descripcion` AS `tipo_descripcion`,`sistcontablel9_v3`.`pc_tipo`.`estado` AS `tipo_estado` from (`sistcontablel9_v3`.`pc_tipo` join `sistcontablel9_v3`.`pc_partida_contable` on(`sistcontablel9_v3`.`pc_partida_contable`.`tipo_id` = `sistcontablel9_v3`.`pc_tipo`.`id`))) `tipos` on(`tipos`.`tipo_codigo` = `grupos`.`tipo_id`)) */;
/*!50001 SET character_set_client      = @saved_cs_client */;
/*!50001 SET character_set_results     = @saved_cs_results */;
/*!50001 SET collation_connection      = @saved_col_connection */;

--
-- Final view structure for view `vista_registros_para_mayores`
--

/*!50001 DROP TABLE IF EXISTS `vista_registros_para_mayores`*/;
/*!50001 DROP VIEW IF EXISTS `vista_registros_para_mayores`*/;
/*!50001 SET @saved_cs_client          = @@character_set_client */;
/*!50001 SET @saved_cs_results         = @@character_set_results */;
/*!50001 SET @saved_col_connection     = @@collation_connection */;
/*!50001 SET character_set_client      = utf8mb4 */;
/*!50001 SET character_set_results     = utf8mb4 */;
/*!50001 SET collation_connection      = utf8mb4_unicode_ci */;
/*!50001 CREATE ALGORITHM=UNDEFINED */
/*!50013 DEFINER=`root`@`localhost` SQL SECURITY DEFINER */
/*!50001 VIEW `vista_registros_para_mayores` AS select `comprobantes`.`id` AS `id_comprobante`,`comprobantes`.`estado` AS `estado_comprobante`,`comprobantes`.`nroComprobante` AS `nroComprobante`,`comprobantes`.`fecha` AS `fecha`,`comprobantes`.`concepto` AS `concepto`,`comprobantes`.`notas` AS `notas`,`comprobantes`.`observaciones` AS `observaciones`,`comprobantes`.`documento` AS `documento`,`comprobantes`.`numeroDocumento` AS `numeroDocumento`,`comprobantes`.`ejercicio_id` AS `ejercicio_id`,`comprobantes`.`tipoComprobante_id` AS `tipoComprobante_id`,`tipos_de_comprobante`.`nombre` AS `nombre_tipo_comprobante`,`detalle_comprobante`.`subcuenta_id` AS `subcuenta_id`,`detalle_comprobante`.`debe` AS `debe`,`detalle_comprobante`.`haber` AS `haber`,`detalle_comprobante`.`orden` AS `orden_subcuenta` from ((`detalle_comprobante` join `comprobantes` on(`detalle_comprobante`.`comprobante_id` = `comprobantes`.`id`)) join `tipos_de_comprobante` on(`comprobantes`.`tipoComprobante_id` = `tipos_de_comprobante`.`id`)) order by `comprobantes`.`fecha`,`comprobantes`.`nroComprobante`,`detalle_comprobante`.`orden` */;
/*!50001 SET character_set_client      = @saved_cs_client */;
/*!50001 SET character_set_results     = @saved_cs_results */;
/*!50001 SET collation_connection      = @saved_col_connection */;
/*!40103 SET TIME_ZONE=@OLD_TIME_ZONE */;

/*!40101 SET SQL_MODE=@OLD_SQL_MODE */;
/*!40014 SET FOREIGN_KEY_CHECKS=@OLD_FOREIGN_KEY_CHECKS */;
/*!40014 SET UNIQUE_CHECKS=@OLD_UNIQUE_CHECKS */;
/*!40101 SET CHARACTER_SET_CLIENT=@OLD_CHARACTER_SET_CLIENT */;
/*!40101 SET CHARACTER_SET_RESULTS=@OLD_CHARACTER_SET_RESULTS */;
/*!40101 SET COLLATION_CONNECTION=@OLD_COLLATION_CONNECTION */;
/*!40111 SET SQL_NOTES=@OLD_SQL_NOTES */;

-- Dump completed on 2022-12-06 16:02:54
